xmtr_id    freq     lat      lon    pwr incl headng alt
NAA080    8.00  44.645   67.283  1   0     0    0  Cutler, Maine
NAA081    8.10  44.645   67.283  1   0     0    0  Cutler, Maine
NAA082    8.20  44.645   67.283  1   0     0    0  Cutler, Maine
NAA083    8.30  44.645   67.283  1   0     0    0  Cutler, Maine
NAA084    8.40  44.645   67.283  1   0     0    0  Cutler, Maine
NAA085    8.50  44.645   67.283  1   0     0    0  Cutler, Maine
NAA086    8.60  44.645   67.283  1   0     0    0  Cutler, Maine
NAA087    8.70  44.645   67.283  1   0     0    0  Cutler, Maine
NAA088    8.80  44.645   67.283  1   0     0    0  Cutler, Maine
NAA089    8.90  44.645   67.283  1   0     0    0  Cutler, Maine
NAA090    9.00  44.645   67.283  1   0     0    0  Cutler, Maine
NAA091    9.10  44.645   67.283  1   0     0    0  Cutler, Maine
NAA092    9.20  44.645   67.283  1   0     0    0  Cutler, Maine
NAA093    9.30  44.645   67.283  1   0     0    0  Cutler, Maine
NAA094    9.40  44.645   67.283  1   0     0    0  Cutler, Maine
NAA095    9.50  44.645   67.283  1   0     0    0  Cutler, Maine
NAA096    9.60  44.645   67.283  1   0     0    0  Cutler, Maine
NAA097    9.70  44.645   67.283  1   0     0    0  Cutler, Maine
NAA098    9.80  44.645   67.283  1   0     0    0  Cutler, Maine
NAA099    9.90  44.645   67.283  1   0     0    0  Cutler, Maine
NAA100   10.00  44.645   67.283  1   0     0    0  Cutler, Maine
NAA101   10.10  44.645   67.283  1   0     0    0  Cutler, Maine
NAA102   10.20  44.645   67.283  1   0     0    0  Cutler, Maine
NAA103   10.30  44.645   67.283  1   0     0    0  Cutler, Maine
NAA104   10.40  44.645   67.283  1   0     0    0  Cutler, Maine
NAA105   10.50  44.645   67.283  1   0     0    0  Cutler, Maine
NAA106   10.60  44.645   67.283  1   0     0    0  Cutler, Maine
NAA107   10.70  44.645   67.283  1   0     0    0  Cutler, Maine
NAA108   10.80  44.645   67.283  1   0     0    0  Cutler, Maine
NAA109   10.90  44.645   67.283  1   0     0    0  Cutler, Maine
NAA110   11.00  44.645   67.283  1   0     0    0  Cutler, Maine
NAA111   11.10  44.645   67.283  1   0     0    0  Cutler, Maine
NAA112   11.20  44.645   67.283  1   0     0    0  Cutler, Maine
NAA113   11.30  44.645   67.283  1   0     0    0  Cutler, Maine
NAA114   11.40  44.645   67.283  1   0     0    0  Cutler, Maine
NAA115   11.50  44.645   67.283  1   0     0    0  Cutler, Maine
NAA116   11.60  44.645   67.283  1   0     0    0  Cutler, Maine
NAA117   11.70  44.645   67.283  1   0     0    0  Cutler, Maine
NAA118   11.80  44.645   67.283  1   0     0    0  Cutler, Maine
NAA119   11.90  44.645   67.283  1   0     0    0  Cutler, Maine
NAA120   12.00  44.645   67.283  1   0     0    0  Cutler, Maine
NAA121   12.10  44.645   67.283  1   0     0    0  Cutler, Maine
NAA122   12.20  44.645   67.283  1   0     0    0  Cutler, Maine
NAA123   12.30  44.645   67.283  1   0     0    0  Cutler, Maine
NAA124   12.40  44.645   67.283  1   0     0    0  Cutler, Maine
NAA125   12.50  44.645   67.283  1   0     0    0  Cutler, Maine
NAA126   12.60  44.645   67.283  1   0     0    0  Cutler, Maine
NAA127   12.70  44.645   67.283  1   0     0    0  Cutler, Maine
NAA128   12.80  44.645   67.283  1   0     0    0  Cutler, Maine
NAA129   12.90  44.645   67.283  1   0     0    0  Cutler, Maine
NAA130   13.00  44.645   67.283  1   0     0    0  Cutler, Maine
NAA131   13.10  44.645   67.283  1   0     0    0  Cutler, Maine
NAA132   13.20  44.645   67.283  1   0     0    0  Cutler, Maine
NAA133   13.30  44.645   67.283  1   0     0    0  Cutler, Maine
NAA134   13.40  44.645   67.283  1   0     0    0  Cutler, Maine
NAA135   13.50  44.645   67.283  1   0     0    0  Cutler, Maine
NAA136   13.60  44.645   67.283  1   0     0    0  Cutler, Maine
NAA137   13.70  44.645   67.283  1   0     0    0  Cutler, Maine
NAA138   13.80  44.645   67.283  1   0     0    0  Cutler, Maine
NAA139   13.90  44.645   67.283  1   0     0    0  Cutler, Maine
NAA140   14.00  44.645   67.283  1   0     0    0  Cutler, Maine
NAA141   14.10  44.645   67.283  1   0     0    0  Cutler, Maine
NAA142   14.20  44.645   67.283  1   0     0    0  Cutler, Maine
NAA143   14.30  44.645   67.283  1   0     0    0  Cutler, Maine
NAA144   14.40  44.645   67.283  1   0     0    0  Cutler, Maine
NAA145   14.50  44.645   67.283  1   0     0    0  Cutler, Maine
NAA146   14.60  44.645   67.283  1   0     0    0  Cutler, Maine
NAA147   14.70  44.645   67.283  1   0     0    0  Cutler, Maine
NAA148   14.80  44.645   67.283  1   0     0    0  Cutler, Maine
NAA149   14.90  44.645   67.283  1   0     0    0  Cutler, Maine
NAA150   15.00  44.645   67.283  1   0     0    0  Cutler, Maine
NAA151   15.10  44.645   67.283  1   0     0    0  Cutler, Maine
NAA152   15.20  44.645   67.283  1   0     0    0  Cutler, Maine
NAA153   15.30  44.645   67.283  1   0     0    0  Cutler, Maine
NAA154   15.40  44.645   67.283  1   0     0    0  Cutler, Maine
NAA155   15.50  44.645   67.283  1   0     0    0  Cutler, Maine
NAA156   15.60  44.645   67.283  1   0     0    0  Cutler, Maine
NAA157   15.70  44.645   67.283  1   0     0    0  Cutler, Maine
NAA158   15.80  44.645   67.283  1   0     0    0  Cutler, Maine
NAA159   15.90  44.645   67.283  1   0     0    0  Cutler, Maine
NAA160   16.00  44.645   67.283  1   0     0    0  Cutler, Maine
NAA161   16.10  44.645   67.283  1   0     0    0  Cutler, Maine
NAA162   16.20  44.645   67.283  1   0     0    0  Cutler, Maine
NAA163   16.30  44.645   67.283  1   0     0    0  Cutler, Maine
NAA164   16.40  44.645   67.283  1   0     0    0  Cutler, Maine
NAA165   16.50  44.645   67.283  1   0     0    0  Cutler, Maine
NAA166   16.60  44.645   67.283  1   0     0    0  Cutler, Maine
NAA167   16.70  44.645   67.283  1   0     0    0  Cutler, Maine
NAA168   16.80  44.645   67.283  1   0     0    0  Cutler, Maine
NAA169   16.90  44.645   67.283  1   0     0    0  Cutler, Maine
NAA170   17.00  44.645   67.283  1   0     0    0  Cutler, Maine
NAA171   17.10  44.645   67.283  1   0     0    0  Cutler, Maine
NAA172   17.20  44.645   67.283  1   0     0    0  Cutler, Maine
NAA173   17.30  44.645   67.283  1   0     0    0  Cutler, Maine
NAA174   17.40  44.645   67.283  1   0     0    0  Cutler, Maine
NAA175   17.50  44.645   67.283  1   0     0    0  Cutler, Maine
NAA176   17.60  44.645   67.283  1   0     0    0  Cutler, Maine
NAA177   17.70  44.645   67.283  1   0     0    0  Cutler, Maine
NAA178   17.80  44.645   67.283  1   0     0    0  Cutler, Maine
NAA179   17.90  44.645   67.283  1   0     0    0  Cutler, Maine
NAA180   18.00  44.645   67.283  1   0     0    0  Cutler, Maine
NAA181   18.10  44.645   67.283  1   0     0    0  Cutler, Maine
NAA182   18.20  44.645   67.283  1   0     0    0  Cutler, Maine
NAA183   18.30  44.645   67.283  1   0     0    0  Cutler, Maine
NAA184   18.40  44.645   67.283  1   0     0    0  Cutler, Maine
NAA185   18.50  44.645   67.283  1   0     0    0  Cutler, Maine
NAA186   18.60  44.645   67.283  1   0     0    0  Cutler, Maine
NAA187   18.70  44.645   67.283  1   0     0    0  Cutler, Maine
NAA188   18.80  44.645   67.283  1   0     0    0  Cutler, Maine
NAA189   18.90  44.645   67.283  1   0     0    0  Cutler, Maine
NAA190   19.00  44.645   67.283  1   0     0    0  Cutler, Maine
NAA191   19.10  44.645   67.283  1   0     0    0  Cutler, Maine
NAA192   19.20  44.645   67.283  1   0     0    0  Cutler, Maine
NAA193   19.30  44.645   67.283  1   0     0    0  Cutler, Maine
NAA194   19.40  44.645   67.283  1   0     0    0  Cutler, Maine
NAA195   19.50  44.645   67.283  1   0     0    0  Cutler, Maine
NAA196   19.60  44.645   67.283  1   0     0    0  Cutler, Maine
NAA197   19.70  44.645   67.283  1   0     0    0  Cutler, Maine
NAA198   19.80  44.645   67.283  1   0     0    0  Cutler, Maine
NAA199   19.90  44.645   67.283  1   0     0    0  Cutler, Maine
NAA200   20.00  44.645   67.283  1   0     0    0  Cutler, Maine
NAA201   20.10  44.645   67.283  1   0     0    0  Cutler, Maine
NAA202   20.20  44.645   67.283  1   0     0    0  Cutler, Maine
NAA203   20.30  44.645   67.283  1   0     0    0  Cutler, Maine
NAA204   20.40  44.645   67.283  1   0     0    0  Cutler, Maine
NAA205   20.50  44.645   67.283  1   0     0    0  Cutler, Maine
NAA206   20.60  44.645   67.283  1   0     0    0  Cutler, Maine
NAA207   20.70  44.645   67.283  1   0     0    0  Cutler, Maine
NAA208   20.80  44.645   67.283  1   0     0    0  Cutler, Maine
NAA209   20.90  44.645   67.283  1   0     0    0  Cutler, Maine
NAA210   21.00  44.645   67.283  1   0     0    0  Cutler, Maine
NAA211   21.10  44.645   67.283  1   0     0    0  Cutler, Maine
NAA212   21.20  44.645   67.283  1   0     0    0  Cutler, Maine
NAA213   21.30  44.645   67.283  1   0     0    0  Cutler, Maine
NAA214   21.40  44.645   67.283  1   0     0    0  Cutler, Maine
NAA215   21.50  44.645   67.283  1   0     0    0  Cutler, Maine
NAA216   21.60  44.645   67.283  1   0     0    0  Cutler, Maine
NAA217   21.70  44.645   67.283  1   0     0    0  Cutler, Maine
NAA218   21.80  44.645   67.283  1   0     0    0  Cutler, Maine
NAA219   21.90  44.645   67.283  1   0     0    0  Cutler, Maine
NAA220   22.00  44.645   67.283  1   0     0    0  Cutler, Maine
NAA221   22.10  44.645   67.283  1   0     0    0  Cutler, Maine
NAA222   22.20  44.645   67.283  1   0     0    0  Cutler, Maine
NAA223   22.30  44.645   67.283  1   0     0    0  Cutler, Maine
NAA224   22.40  44.645   67.283  1   0     0    0  Cutler, Maine
NAA225   22.50  44.645   67.283  1   0     0    0  Cutler, Maine
NAA226   22.60  44.645   67.283  1   0     0    0  Cutler, Maine
NAA227   22.70  44.645   67.283  1   0     0    0  Cutler, Maine
NAA228   22.80  44.645   67.283  1   0     0    0  Cutler, Maine
NAA229   22.90  44.645   67.283  1   0     0    0  Cutler, Maine
NAA230   23.00  44.645   67.283  1   0     0    0  Cutler, Maine
NAA231   23.10  44.645   67.283  1   0     0    0  Cutler, Maine
NAA232   23.20  44.645   67.283  1   0     0    0  Cutler, Maine
NAA233   23.30  44.645   67.283  1   0     0    0  Cutler, Maine
NAA234   23.40  44.645   67.283  1   0     0    0  Cutler, Maine
NAA235   23.50  44.645   67.283  1   0     0    0  Cutler, Maine
NAA236   23.60  44.645   67.283  1   0     0    0  Cutler, Maine
NAA237   23.70  44.645   67.283  1   0     0    0  Cutler, Maine
NAA238   23.80  44.645   67.283  1   0     0    0  Cutler, Maine
NAA239   23.90  44.645   67.283  1   0     0    0  Cutler, Maine
NAA240   24.00  44.645   67.283  1   0     0    0  Cutler, Maine
NAA241   24.10  44.645   67.283  1   0     0    0  Cutler, Maine
NAA242   24.20  44.645   67.283  1   0     0    0  Cutler, Maine
NAA243   24.30  44.645   67.283  1   0     0    0  Cutler, Maine
NAA244   24.40  44.645   67.283  1   0     0    0  Cutler, Maine
NAA245   24.50  44.645   67.283  1   0     0    0  Cutler, Maine
NAA246   24.60  44.645   67.283  1   0     0    0  Cutler, Maine
NAA247   24.70  44.645   67.283  1   0     0    0  Cutler, Maine
NAA248   24.80  44.645   67.283  1   0     0    0  Cutler, Maine
NAA249   24.90  44.645   67.283  1   0     0    0  Cutler, Maine
NAA250   25.00  44.645   67.283  1   0     0    0  Cutler, Maine
NAA251   25.10  44.645   67.283  1   0     0    0  Cutler, Maine
NAA252   25.20  44.645   67.283  1   0     0    0  Cutler, Maine
NAA253   25.30  44.645   67.283  1   0     0    0  Cutler, Maine
NAA254   25.40  44.645   67.283  1   0     0    0  Cutler, Maine
NAA255   25.50  44.645   67.283  1   0     0    0  Cutler, Maine
NAA256   25.60  44.645   67.283  1   0     0    0  Cutler, Maine
NAA257   25.70  44.645   67.283  1   0     0    0  Cutler, Maine
NAA258   25.80  44.645   67.283  1   0     0    0  Cutler, Maine
NAA259   25.90  44.645   67.283  1   0     0    0  Cutler, Maine
NAA260   26.00  44.645   67.283  1   0     0    0  Cutler, Maine
NAA261   26.10  44.645   67.283  1   0     0    0  Cutler, Maine
NAA262   26.20  44.645   67.283  1   0     0    0  Cutler, Maine
NAA263   26.30  44.645   67.283  1   0     0    0  Cutler, Maine
NAA264   26.40  44.645   67.283  1   0     0    0  Cutler, Maine
NAA265   26.50  44.645   67.283  1   0     0    0  Cutler, Maine
NAA266   26.60  44.645   67.283  1   0     0    0  Cutler, Maine
NAA267   26.70  44.645   67.283  1   0     0    0  Cutler, Maine
NAA268   26.80  44.645   67.283  1   0     0    0  Cutler, Maine
NAA269   26.90  44.645   67.283  1   0     0    0  Cutler, Maine
NAA270   27.00  44.645   67.283  1   0     0    0  Cutler, Maine
NAA271   27.10  44.645   67.283  1   0     0    0  Cutler, Maine
NAA272   27.20  44.645   67.283  1   0     0    0  Cutler, Maine
NAA273   27.30  44.645   67.283  1   0     0    0  Cutler, Maine
NAA274   27.40  44.645   67.283  1   0     0    0  Cutler, Maine
NAA275   27.50  44.645   67.283  1   0     0    0  Cutler, Maine
NAA276   27.60  44.645   67.283  1   0     0    0  Cutler, Maine
NAA277   27.70  44.645   67.283  1   0     0    0  Cutler, Maine
NAA278   27.80  44.645   67.283  1   0     0    0  Cutler, Maine
NAA279   27.90  44.645   67.283  1   0     0    0  Cutler, Maine
NAA280   28.00  44.645   67.283  1   0     0    0  Cutler, Maine
NAA281   28.10  44.645   67.283  1   0     0    0  Cutler, Maine
NAA282   28.20  44.645   67.283  1   0     0    0  Cutler, Maine
NAA283   28.30  44.645   67.283  1   0     0    0  Cutler, Maine
NAA284   28.40  44.645   67.283  1   0     0    0  Cutler, Maine
NAA285   28.50  44.645   67.283  1   0     0    0  Cutler, Maine
NAA286   28.60  44.645   67.283  1   0     0    0  Cutler, Maine
NAA287   28.70  44.645   67.283  1   0     0    0  Cutler, Maine
NAA288   28.80  44.645   67.283  1   0     0    0  Cutler, Maine
NAA289   28.90  44.645   67.283  1   0     0    0  Cutler, Maine
NAA290   29.00  44.645   67.283  1   0     0    0  Cutler, Maine
NAA291   29.10  44.645   67.283  1   0     0    0  Cutler, Maine
NAA292   29.20  44.645   67.283  1   0     0    0  Cutler, Maine
NAA293   29.30  44.645   67.283  1   0     0    0  Cutler, Maine
NAA294   29.40  44.645   67.283  1   0     0    0  Cutler, Maine
NAA295   29.50  44.645   67.283  1   0     0    0  Cutler, Maine
NAA296   29.60  44.645   67.283  1   0     0    0  Cutler, Maine
NAA297   29.70  44.645   67.283  1   0     0    0  Cutler, Maine
NAA298   29.80  44.645   67.283  1   0     0    0  Cutler, Maine
NAA299   29.90  44.645   67.283  1   0     0    0  Cutler, Maine
NAA300   30.00  44.645   67.283  1   0     0    0  Cutler, Maine
NML080    8.00  46.366   98.336  1   0     0    0  La Moure, North Dakota
NML081    8.10  46.366   98.336  1   0     0    0  La Moure, North Dakota
NML082    8.20  46.366   98.336  1   0     0    0  La Moure, North Dakota
NML083    8.30  46.366   98.336  1   0     0    0  La Moure, North Dakota
NML084    8.40  46.366   98.336  1   0     0    0  La Moure, North Dakota
NML085    8.50  46.366   98.336  1   0     0    0  La Moure, North Dakota
NML086    8.60  46.366   98.336  1   0     0    0  La Moure, North Dakota
NML087    8.70  46.366   98.336  1   0     0    0  La Moure, North Dakota
NML088    8.80  46.366   98.336  1   0     0    0  La Moure, North Dakota
NML089    8.90  46.366   98.336  1   0     0    0  La Moure, North Dakota
NML090    9.00  46.366   98.336  1   0     0    0  La Moure, North Dakota
NML091    9.10  46.366   98.336  1   0     0    0  La Moure, North Dakota
NML092    9.20  46.366   98.336  1   0     0    0  La Moure, North Dakota
NML093    9.30  46.366   98.336  1   0     0    0  La Moure, North Dakota
NML094    9.40  46.366   98.336  1   0     0    0  La Moure, North Dakota
NML095    9.50  46.366   98.336  1   0     0    0  La Moure, North Dakota
NML096    9.60  46.366   98.336  1   0     0    0  La Moure, North Dakota
NML097    9.70  46.366   98.336  1   0     0    0  La Moure, North Dakota
NML098    9.80  46.366   98.336  1   0     0    0  La Moure, North Dakota
NML099    9.90  46.366   98.336  1   0     0    0  La Moure, North Dakota
NML100   10.00  46.366   98.336  1   0     0    0  La Moure, North Dakota
NML101   10.10  46.366   98.336  1   0     0    0  La Moure, North Dakota
NML102   10.20  46.366   98.336  1   0     0    0  La Moure, North Dakota
NML103   10.30  46.366   98.336  1   0     0    0  La Moure, North Dakota
NML104   10.40  46.366   98.336  1   0     0    0  La Moure, North Dakota
NML105   10.50  46.366   98.336  1   0     0    0  La Moure, North Dakota
NML106   10.60  46.366   98.336  1   0     0    0  La Moure, North Dakota
NML107   10.70  46.366   98.336  1   0     0    0  La Moure, North Dakota
NML108   10.80  46.366   98.336  1   0     0    0  La Moure, North Dakota
NML109   10.90  46.366   98.336  1   0     0    0  La Moure, North Dakota
NML110   11.00  46.366   98.336  1   0     0    0  La Moure, North Dakota
NML111   11.10  46.366   98.336  1   0     0    0  La Moure, North Dakota
NML112   11.20  46.366   98.336  1   0     0    0  La Moure, North Dakota
NML113   11.30  46.366   98.336  1   0     0    0  La Moure, North Dakota
NML114   11.40  46.366   98.336  1   0     0    0  La Moure, North Dakota
NML115   11.50  46.366   98.336  1   0     0    0  La Moure, North Dakota
NML116   11.60  46.366   98.336  1   0     0    0  La Moure, North Dakota
NML117   11.70  46.366   98.336  1   0     0    0  La Moure, North Dakota
NML118   11.80  46.366   98.336  1   0     0    0  La Moure, North Dakota
NML119   11.90  46.366   98.336  1   0     0    0  La Moure, North Dakota
NML120   12.00  46.366   98.336  1   0     0    0  La Moure, North Dakota
NML121   12.10  46.366   98.336  1   0     0    0  La Moure, North Dakota
NML122   12.20  46.366   98.336  1   0     0    0  La Moure, North Dakota
NML123   12.30  46.366   98.336  1   0     0    0  La Moure, North Dakota
NML124   12.40  46.366   98.336  1   0     0    0  La Moure, North Dakota
NML125   12.50  46.366   98.336  1   0     0    0  La Moure, North Dakota
NML126   12.60  46.366   98.336  1   0     0    0  La Moure, North Dakota
NML127   12.70  46.366   98.336  1   0     0    0  La Moure, North Dakota
NML128   12.80  46.366   98.336  1   0     0    0  La Moure, North Dakota
NML129   12.90  46.366   98.336  1   0     0    0  La Moure, North Dakota
NML130   13.00  46.366   98.336  1   0     0    0  La Moure, North Dakota
NML131   13.10  46.366   98.336  1   0     0    0  La Moure, North Dakota
NML132   13.20  46.366   98.336  1   0     0    0  La Moure, North Dakota
NML133   13.30  46.366   98.336  1   0     0    0  La Moure, North Dakota
NML134   13.40  46.366   98.336  1   0     0    0  La Moure, North Dakota
NML135   13.50  46.366   98.336  1   0     0    0  La Moure, North Dakota
NML136   13.60  46.366   98.336  1   0     0    0  La Moure, North Dakota
NML137   13.70  46.366   98.336  1   0     0    0  La Moure, North Dakota
NML138   13.80  46.366   98.336  1   0     0    0  La Moure, North Dakota
NML139   13.90  46.366   98.336  1   0     0    0  La Moure, North Dakota
NML140   14.00  46.366   98.336  1   0     0    0  La Moure, North Dakota
NML141   14.10  46.366   98.336  1   0     0    0  La Moure, North Dakota
NML142   14.20  46.366   98.336  1   0     0    0  La Moure, North Dakota
NML143   14.30  46.366   98.336  1   0     0    0  La Moure, North Dakota
NML144   14.40  46.366   98.336  1   0     0    0  La Moure, North Dakota
NML145   14.50  46.366   98.336  1   0     0    0  La Moure, North Dakota
NML146   14.60  46.366   98.336  1   0     0    0  La Moure, North Dakota
NML147   14.70  46.366   98.336  1   0     0    0  La Moure, North Dakota
NML148   14.80  46.366   98.336  1   0     0    0  La Moure, North Dakota
NML149   14.90  46.366   98.336  1   0     0    0  La Moure, North Dakota
NML150   15.00  46.366   98.336  1   0     0    0  La Moure, North Dakota
NML151   15.10  46.366   98.336  1   0     0    0  La Moure, North Dakota
NML152   15.20  46.366   98.336  1   0     0    0  La Moure, North Dakota
NML153   15.30  46.366   98.336  1   0     0    0  La Moure, North Dakota
NML154   15.40  46.366   98.336  1   0     0    0  La Moure, North Dakota
NML155   15.50  46.366   98.336  1   0     0    0  La Moure, North Dakota
NML156   15.60  46.366   98.336  1   0     0    0  La Moure, North Dakota
NML157   15.70  46.366   98.336  1   0     0    0  La Moure, North Dakota
NML158   15.80  46.366   98.336  1   0     0    0  La Moure, North Dakota
NML159   15.90  46.366   98.336  1   0     0    0  La Moure, North Dakota
NML160   16.00  46.366   98.336  1   0     0    0  La Moure, North Dakota
NML161   16.10  46.366   98.336  1   0     0    0  La Moure, North Dakota
NML162   16.20  46.366   98.336  1   0     0    0  La Moure, North Dakota
NML163   16.30  46.366   98.336  1   0     0    0  La Moure, North Dakota
NML164   16.40  46.366   98.336  1   0     0    0  La Moure, North Dakota
NML165   16.50  46.366   98.336  1   0     0    0  La Moure, North Dakota
NML166   16.60  46.366   98.336  1   0     0    0  La Moure, North Dakota
NML167   16.70  46.366   98.336  1   0     0    0  La Moure, North Dakota
NML168   16.80  46.366   98.336  1   0     0    0  La Moure, North Dakota
NML169   16.90  46.366   98.336  1   0     0    0  La Moure, North Dakota
NML170   17.00  46.366   98.336  1   0     0    0  La Moure, North Dakota
NML171   17.10  46.366   98.336  1   0     0    0  La Moure, North Dakota
NML172   17.20  46.366   98.336  1   0     0    0  La Moure, North Dakota
NML173   17.30  46.366   98.336  1   0     0    0  La Moure, North Dakota
NML174   17.40  46.366   98.336  1   0     0    0  La Moure, North Dakota
NML175   17.50  46.366   98.336  1   0     0    0  La Moure, North Dakota
NML176   17.60  46.366   98.336  1   0     0    0  La Moure, North Dakota
NML177   17.70  46.366   98.336  1   0     0    0  La Moure, North Dakota
NML178   17.80  46.366   98.336  1   0     0    0  La Moure, North Dakota
NML179   17.90  46.366   98.336  1   0     0    0  La Moure, North Dakota
NML180   18.00  46.366   98.336  1   0     0    0  La Moure, North Dakota
NML181   18.10  46.366   98.336  1   0     0    0  La Moure, North Dakota
NML182   18.20  46.366   98.336  1   0     0    0  La Moure, North Dakota
NML183   18.30  46.366   98.336  1   0     0    0  La Moure, North Dakota
NML184   18.40  46.366   98.336  1   0     0    0  La Moure, North Dakota
NML185   18.50  46.366   98.336  1   0     0    0  La Moure, North Dakota
NML186   18.60  46.366   98.336  1   0     0    0  La Moure, North Dakota
NML187   18.70  46.366   98.336  1   0     0    0  La Moure, North Dakota
NML188   18.80  46.366   98.336  1   0     0    0  La Moure, North Dakota
NML189   18.90  46.366   98.336  1   0     0    0  La Moure, North Dakota
NML190   19.00  46.366   98.336  1   0     0    0  La Moure, North Dakota
NML191   19.10  46.366   98.336  1   0     0    0  La Moure, North Dakota
NML192   19.20  46.366   98.336  1   0     0    0  La Moure, North Dakota
NML193   19.30  46.366   98.336  1   0     0    0  La Moure, North Dakota
NML194   19.40  46.366   98.336  1   0     0    0  La Moure, North Dakota
NML195   19.50  46.366   98.336  1   0     0    0  La Moure, North Dakota
NML196   19.60  46.366   98.336  1   0     0    0  La Moure, North Dakota
NML197   19.70  46.366   98.336  1   0     0    0  La Moure, North Dakota
NML198   19.80  46.366   98.336  1   0     0    0  La Moure, North Dakota
NML199   19.90  46.366   98.336  1   0     0    0  La Moure, North Dakota
NML200   20.00  46.366   98.336  1   0     0    0  La Moure, North Dakota
NML201   20.10  46.366   98.336  1   0     0    0  La Moure, North Dakota
NML202   20.20  46.366   98.336  1   0     0    0  La Moure, North Dakota
NML203   20.30  46.366   98.336  1   0     0    0  La Moure, North Dakota
NML204   20.40  46.366   98.336  1   0     0    0  La Moure, North Dakota
NML205   20.50  46.366   98.336  1   0     0    0  La Moure, North Dakota
NML206   20.60  46.366   98.336  1   0     0    0  La Moure, North Dakota
NML207   20.70  46.366   98.336  1   0     0    0  La Moure, North Dakota
NML208   20.80  46.366   98.336  1   0     0    0  La Moure, North Dakota
NML209   20.90  46.366   98.336  1   0     0    0  La Moure, North Dakota
NML210   21.00  46.366   98.336  1   0     0    0  La Moure, North Dakota
NML211   21.10  46.366   98.336  1   0     0    0  La Moure, North Dakota
NML212   21.20  46.366   98.336  1   0     0    0  La Moure, North Dakota
NML213   21.30  46.366   98.336  1   0     0    0  La Moure, North Dakota
NML214   21.40  46.366   98.336  1   0     0    0  La Moure, North Dakota
NML215   21.50  46.366   98.336  1   0     0    0  La Moure, North Dakota
NML216   21.60  46.366   98.336  1   0     0    0  La Moure, North Dakota
NML217   21.70  46.366   98.336  1   0     0    0  La Moure, North Dakota
NML218   21.80  46.366   98.336  1   0     0    0  La Moure, North Dakota
NML219   21.90  46.366   98.336  1   0     0    0  La Moure, North Dakota
NML220   22.00  46.366   98.336  1   0     0    0  La Moure, North Dakota
NML221   22.10  46.366   98.336  1   0     0    0  La Moure, North Dakota
NML222   22.20  46.366   98.336  1   0     0    0  La Moure, North Dakota
NML223   22.30  46.366   98.336  1   0     0    0  La Moure, North Dakota
NML224   22.40  46.366   98.336  1   0     0    0  La Moure, North Dakota
NML225   22.50  46.366   98.336  1   0     0    0  La Moure, North Dakota
NML226   22.60  46.366   98.336  1   0     0    0  La Moure, North Dakota
NML227   22.70  46.366   98.336  1   0     0    0  La Moure, North Dakota
NML228   22.80  46.366   98.336  1   0     0    0  La Moure, North Dakota
NML229   22.90  46.366   98.336  1   0     0    0  La Moure, North Dakota
NML230   23.00  46.366   98.336  1   0     0    0  La Moure, North Dakota
NML231   23.10  46.366   98.336  1   0     0    0  La Moure, North Dakota
NML232   23.20  46.366   98.336  1   0     0    0  La Moure, North Dakota
NML233   23.30  46.366   98.336  1   0     0    0  La Moure, North Dakota
NML234   23.40  46.366   98.336  1   0     0    0  La Moure, North Dakota
NML235   23.50  46.366   98.336  1   0     0    0  La Moure, North Dakota
NML236   23.60  46.366   98.336  1   0     0    0  La Moure, North Dakota
NML237   23.70  46.366   98.336  1   0     0    0  La Moure, North Dakota
NML238   23.80  46.366   98.336  1   0     0    0  La Moure, North Dakota
NML239   23.90  46.366   98.336  1   0     0    0  La Moure, North Dakota
NML240   24.00  46.366   98.336  1   0     0    0  La Moure, North Dakota
NML241   24.10  46.366   98.336  1   0     0    0  La Moure, North Dakota
NML242   24.20  46.366   98.336  1   0     0    0  La Moure, North Dakota
NML243   24.30  46.366   98.336  1   0     0    0  La Moure, North Dakota
NML244   24.40  46.366   98.336  1   0     0    0  La Moure, North Dakota
NML245   24.50  46.366   98.336  1   0     0    0  La Moure, North Dakota
NML246   24.60  46.366   98.336  1   0     0    0  La Moure, North Dakota
NML247   24.70  46.366   98.336  1   0     0    0  La Moure, North Dakota
NML248   24.80  46.366   98.336  1   0     0    0  La Moure, North Dakota
NML249   24.90  46.366   98.336  1   0     0    0  La Moure, North Dakota
NML250   25.00  46.366   98.336  1   0     0    0  La Moure, North Dakota
NML251   25.10  46.366   98.336  1   0     0    0  La Moure, North Dakota
NML252   25.20  46.366   98.336  1   0     0    0  La Moure, North Dakota
NML253   25.30  46.366   98.336  1   0     0    0  La Moure, North Dakota
NML254   25.40  46.366   98.336  1   0     0    0  La Moure, North Dakota
NML255   25.50  46.366   98.336  1   0     0    0  La Moure, North Dakota
NML256   25.60  46.366   98.336  1   0     0    0  La Moure, North Dakota
NML257   25.70  46.366   98.336  1   0     0    0  La Moure, North Dakota
NML258   25.80  46.366   98.336  1   0     0    0  La Moure, North Dakota
NML259   25.90  46.366   98.336  1   0     0    0  La Moure, North Dakota
NML260   26.00  46.366   98.336  1   0     0    0  La Moure, North Dakota
NML261   26.10  46.366   98.336  1   0     0    0  La Moure, North Dakota
NML262   26.20  46.366   98.336  1   0     0    0  La Moure, North Dakota
NML263   26.30  46.366   98.336  1   0     0    0  La Moure, North Dakota
NML264   26.40  46.366   98.336  1   0     0    0  La Moure, North Dakota
NML265   26.50  46.366   98.336  1   0     0    0  La Moure, North Dakota
NML266   26.60  46.366   98.336  1   0     0    0  La Moure, North Dakota
NML267   26.70  46.366   98.336  1   0     0    0  La Moure, North Dakota
NML268   26.80  46.366   98.336  1   0     0    0  La Moure, North Dakota
NML269   26.90  46.366   98.336  1   0     0    0  La Moure, North Dakota
NML270   27.00  46.366   98.336  1   0     0    0  La Moure, North Dakota
NML271   27.10  46.366   98.336  1   0     0    0  La Moure, North Dakota
NML272   27.20  46.366   98.336  1   0     0    0  La Moure, North Dakota
NML273   27.30  46.366   98.336  1   0     0    0  La Moure, North Dakota
NML274   27.40  46.366   98.336  1   0     0    0  La Moure, North Dakota
NML275   27.50  46.366   98.336  1   0     0    0  La Moure, North Dakota
NML276   27.60  46.366   98.336  1   0     0    0  La Moure, North Dakota
NML277   27.70  46.366   98.336  1   0     0    0  La Moure, North Dakota
NML278   27.80  46.366   98.336  1   0     0    0  La Moure, North Dakota
NML279   27.90  46.366   98.336  1   0     0    0  La Moure, North Dakota
NML280   28.00  46.366   98.336  1   0     0    0  La Moure, North Dakota
NML281   28.10  46.366   98.336  1   0     0    0  La Moure, North Dakota
NML282   28.20  46.366   98.336  1   0     0    0  La Moure, North Dakota
NML283   28.30  46.366   98.336  1   0     0    0  La Moure, North Dakota
NML284   28.40  46.366   98.336  1   0     0    0  La Moure, North Dakota
NML285   28.50  46.366   98.336  1   0     0    0  La Moure, North Dakota
NML286   28.60  46.366   98.336  1   0     0    0  La Moure, North Dakota
NML287   28.70  46.366   98.336  1   0     0    0  La Moure, North Dakota
NML288   28.80  46.366   98.336  1   0     0    0  La Moure, North Dakota
NML289   28.90  46.366   98.336  1   0     0    0  La Moure, North Dakota
NML290   29.00  46.366   98.336  1   0     0    0  La Moure, North Dakota
NML291   29.10  46.366   98.336  1   0     0    0  La Moure, North Dakota
NML292   29.20  46.366   98.336  1   0     0    0  La Moure, North Dakota
NML293   29.30  46.366   98.336  1   0     0    0  La Moure, North Dakota
NML294   29.40  46.366   98.336  1   0     0    0  La Moure, North Dakota
NML295   29.50  46.366   98.336  1   0     0    0  La Moure, North Dakota
NML296   29.60  46.366   98.336  1   0     0    0  La Moure, North Dakota
NML297   29.70  46.366   98.336  1   0     0    0  La Moure, North Dakota
NML298   29.80  46.366   98.336  1   0     0    0  La Moure, North Dakota
NML299   29.90  46.366   98.336  1   0     0    0  La Moure, North Dakota
NML300   30.00  46.366   98.336  1   0     0    0  La Moure, North Dakota
NLK080    8.00  48.204  121.917  1   0     0    0  Jim Creek, Washington
NLK081    8.10  48.204  121.917  1   0     0    0  Jim Creek, Washington
NLK082    8.20  48.204  121.917  1   0     0    0  Jim Creek, Washington
NLK083    8.30  48.204  121.917  1   0     0    0  Jim Creek, Washington
NLK084    8.40  48.204  121.917  1   0     0    0  Jim Creek, Washington
NLK085    8.50  48.204  121.917  1   0     0    0  Jim Creek, Washington
NLK086    8.60  48.204  121.917  1   0     0    0  Jim Creek, Washington
NLK087    8.70  48.204  121.917  1   0     0    0  Jim Creek, Washington
NLK088    8.80  48.204  121.917  1   0     0    0  Jim Creek, Washington
NLK089    8.90  48.204  121.917  1   0     0    0  Jim Creek, Washington
NLK090    9.00  48.204  121.917  1   0     0    0  Jim Creek, Washington
NLK091    9.10  48.204  121.917  1   0     0    0  Jim Creek, Washington
NLK092    9.20  48.204  121.917  1   0     0    0  Jim Creek, Washington
NLK093    9.30  48.204  121.917  1   0     0    0  Jim Creek, Washington
NLK094    9.40  48.204  121.917  1   0     0    0  Jim Creek, Washington
NLK095    9.50  48.204  121.917  1   0     0    0  Jim Creek, Washington
NLK096    9.60  48.204  121.917  1   0     0    0  Jim Creek, Washington
NLK097    9.70  48.204  121.917  1   0     0    0  Jim Creek, Washington
NLK098    9.80  48.204  121.917  1   0     0    0  Jim Creek, Washington
NLK099    9.90  48.204  121.917  1   0     0    0  Jim Creek, Washington
NLK100   10.00  48.204  121.917  1   0     0    0  Jim Creek, Washington
NLK101   10.10  48.204  121.917  1   0     0    0  Jim Creek, Washington
NLK102   10.20  48.204  121.917  1   0     0    0  Jim Creek, Washington
NLK103   10.30  48.204  121.917  1   0     0    0  Jim Creek, Washington
NLK104   10.40  48.204  121.917  1   0     0    0  Jim Creek, Washington
NLK105   10.50  48.204  121.917  1   0     0    0  Jim Creek, Washington
NLK106   10.60  48.204  121.917  1   0     0    0  Jim Creek, Washington
NLK107   10.70  48.204  121.917  1   0     0    0  Jim Creek, Washington
NLK108   10.80  48.204  121.917  1   0     0    0  Jim Creek, Washington
NLK109   10.90  48.204  121.917  1   0     0    0  Jim Creek, Washington
NLK110   11.00  48.204  121.917  1   0     0    0  Jim Creek, Washington
NLK111   11.10  48.204  121.917  1   0     0    0  Jim Creek, Washington
NLK112   11.20  48.204  121.917  1   0     0    0  Jim Creek, Washington
NLK113   11.30  48.204  121.917  1   0     0    0  Jim Creek, Washington
NLK114   11.40  48.204  121.917  1   0     0    0  Jim Creek, Washington
NLK115   11.50  48.204  121.917  1   0     0    0  Jim Creek, Washington
NLK116   11.60  48.204  121.917  1   0     0    0  Jim Creek, Washington
NLK117   11.70  48.204  121.917  1   0     0    0  Jim Creek, Washington
NLK118   11.80  48.204  121.917  1   0     0    0  Jim Creek, Washington
NLK119   11.90  48.204  121.917  1   0     0    0  Jim Creek, Washington
NLK120   12.00  48.204  121.917  1   0     0    0  Jim Creek, Washington
NLK121   12.10  48.204  121.917  1   0     0    0  Jim Creek, Washington
NLK122   12.20  48.204  121.917  1   0     0    0  Jim Creek, Washington
NLK123   12.30  48.204  121.917  1   0     0    0  Jim Creek, Washington
NLK124   12.40  48.204  121.917  1   0     0    0  Jim Creek, Washington
NLK125   12.50  48.204  121.917  1   0     0    0  Jim Creek, Washington
NLK126   12.60  48.204  121.917  1   0     0    0  Jim Creek, Washington
NLK127   12.70  48.204  121.917  1   0     0    0  Jim Creek, Washington
NLK128   12.80  48.204  121.917  1   0     0    0  Jim Creek, Washington
NLK129   12.90  48.204  121.917  1   0     0    0  Jim Creek, Washington
NLK130   13.00  48.204  121.917  1   0     0    0  Jim Creek, Washington
NLK131   13.10  48.204  121.917  1   0     0    0  Jim Creek, Washington
NLK132   13.20  48.204  121.917  1   0     0    0  Jim Creek, Washington
NLK133   13.30  48.204  121.917  1   0     0    0  Jim Creek, Washington
NLK134   13.40  48.204  121.917  1   0     0    0  Jim Creek, Washington
NLK135   13.50  48.204  121.917  1   0     0    0  Jim Creek, Washington
NLK136   13.60  48.204  121.917  1   0     0    0  Jim Creek, Washington
NLK137   13.70  48.204  121.917  1   0     0    0  Jim Creek, Washington
NLK138   13.80  48.204  121.917  1   0     0    0  Jim Creek, Washington
NLK139   13.90  48.204  121.917  1   0     0    0  Jim Creek, Washington
NLK140   14.00  48.204  121.917  1   0     0    0  Jim Creek, Washington
NLK141   14.10  48.204  121.917  1   0     0    0  Jim Creek, Washington
NLK142   14.20  48.204  121.917  1   0     0    0  Jim Creek, Washington
NLK143   14.30  48.204  121.917  1   0     0    0  Jim Creek, Washington
NLK144   14.40  48.204  121.917  1   0     0    0  Jim Creek, Washington
NLK145   14.50  48.204  121.917  1   0     0    0  Jim Creek, Washington
NLK146   14.60  48.204  121.917  1   0     0    0  Jim Creek, Washington
NLK147   14.70  48.204  121.917  1   0     0    0  Jim Creek, Washington
NLK148   14.80  48.204  121.917  1   0     0    0  Jim Creek, Washington
NLK149   14.90  48.204  121.917  1   0     0    0  Jim Creek, Washington
NLK150   15.00  48.204  121.917  1   0     0    0  Jim Creek, Washington
NLK151   15.10  48.204  121.917  1   0     0    0  Jim Creek, Washington
NLK152   15.20  48.204  121.917  1   0     0    0  Jim Creek, Washington
NLK153   15.30  48.204  121.917  1   0     0    0  Jim Creek, Washington
NLK154   15.40  48.204  121.917  1   0     0    0  Jim Creek, Washington
NLK155   15.50  48.204  121.917  1   0     0    0  Jim Creek, Washington
NLK156   15.60  48.204  121.917  1   0     0    0  Jim Creek, Washington
NLK157   15.70  48.204  121.917  1   0     0    0  Jim Creek, Washington
NLK158   15.80  48.204  121.917  1   0     0    0  Jim Creek, Washington
NLK159   15.90  48.204  121.917  1   0     0    0  Jim Creek, Washington
NLK160   16.00  48.204  121.917  1   0     0    0  Jim Creek, Washington
NLK161   16.10  48.204  121.917  1   0     0    0  Jim Creek, Washington
NLK162   16.20  48.204  121.917  1   0     0    0  Jim Creek, Washington
NLK163   16.30  48.204  121.917  1   0     0    0  Jim Creek, Washington
NLK164   16.40  48.204  121.917  1   0     0    0  Jim Creek, Washington
NLK165   16.50  48.204  121.917  1   0     0    0  Jim Creek, Washington
NLK166   16.60  48.204  121.917  1   0     0    0  Jim Creek, Washington
NLK167   16.70  48.204  121.917  1   0     0    0  Jim Creek, Washington
NLK168   16.80  48.204  121.917  1   0     0    0  Jim Creek, Washington
NLK169   16.90  48.204  121.917  1   0     0    0  Jim Creek, Washington
NLK170   17.00  48.204  121.917  1   0     0    0  Jim Creek, Washington
NLK171   17.10  48.204  121.917  1   0     0    0  Jim Creek, Washington
NLK172   17.20  48.204  121.917  1   0     0    0  Jim Creek, Washington
NLK173   17.30  48.204  121.917  1   0     0    0  Jim Creek, Washington
NLK174   17.40  48.204  121.917  1   0     0    0  Jim Creek, Washington
NLK175   17.50  48.204  121.917  1   0     0    0  Jim Creek, Washington
NLK176   17.60  48.204  121.917  1   0     0    0  Jim Creek, Washington
NLK177   17.70  48.204  121.917  1   0     0    0  Jim Creek, Washington
NLK178   17.80  48.204  121.917  1   0     0    0  Jim Creek, Washington
NLK179   17.90  48.204  121.917  1   0     0    0  Jim Creek, Washington
NLK180   18.00  48.204  121.917  1   0     0    0  Jim Creek, Washington
NLK181   18.10  48.204  121.917  1   0     0    0  Jim Creek, Washington
NLK182   18.20  48.204  121.917  1   0     0    0  Jim Creek, Washington
NLK183   18.30  48.204  121.917  1   0     0    0  Jim Creek, Washington
NLK184   18.40  48.204  121.917  1   0     0    0  Jim Creek, Washington
NLK185   18.50  48.204  121.917  1   0     0    0  Jim Creek, Washington
NLK186   18.60  48.204  121.917  1   0     0    0  Jim Creek, Washington
NLK187   18.70  48.204  121.917  1   0     0    0  Jim Creek, Washington
NLK188   18.80  48.204  121.917  1   0     0    0  Jim Creek, Washington
NLK189   18.90  48.204  121.917  1   0     0    0  Jim Creek, Washington
NLK190   19.00  48.204  121.917  1   0     0    0  Jim Creek, Washington
NLK191   19.10  48.204  121.917  1   0     0    0  Jim Creek, Washington
NLK192   19.20  48.204  121.917  1   0     0    0  Jim Creek, Washington
NLK193   19.30  48.204  121.917  1   0     0    0  Jim Creek, Washington
NLK194   19.40  48.204  121.917  1   0     0    0  Jim Creek, Washington
NLK195   19.50  48.204  121.917  1   0     0    0  Jim Creek, Washington
NLK196   19.60  48.204  121.917  1   0     0    0  Jim Creek, Washington
NLK197   19.70  48.204  121.917  1   0     0    0  Jim Creek, Washington
NLK198   19.80  48.204  121.917  1   0     0    0  Jim Creek, Washington
NLK199   19.90  48.204  121.917  1   0     0    0  Jim Creek, Washington
NLK200   20.00  48.204  121.917  1   0     0    0  Jim Creek, Washington
NLK201   20.10  48.204  121.917  1   0     0    0  Jim Creek, Washington
NLK202   20.20  48.204  121.917  1   0     0    0  Jim Creek, Washington
NLK203   20.30  48.204  121.917  1   0     0    0  Jim Creek, Washington
NLK204   20.40  48.204  121.917  1   0     0    0  Jim Creek, Washington
NLK205   20.50  48.204  121.917  1   0     0    0  Jim Creek, Washington
NLK206   20.60  48.204  121.917  1   0     0    0  Jim Creek, Washington
NLK207   20.70  48.204  121.917  1   0     0    0  Jim Creek, Washington
NLK208   20.80  48.204  121.917  1   0     0    0  Jim Creek, Washington
NLK209   20.90  48.204  121.917  1   0     0    0  Jim Creek, Washington
NLK210   21.00  48.204  121.917  1   0     0    0  Jim Creek, Washington
NLK211   21.10  48.204  121.917  1   0     0    0  Jim Creek, Washington
NLK212   21.20  48.204  121.917  1   0     0    0  Jim Creek, Washington
NLK213   21.30  48.204  121.917  1   0     0    0  Jim Creek, Washington
NLK214   21.40  48.204  121.917  1   0     0    0  Jim Creek, Washington
NLK215   21.50  48.204  121.917  1   0     0    0  Jim Creek, Washington
NLK216   21.60  48.204  121.917  1   0     0    0  Jim Creek, Washington
NLK217   21.70  48.204  121.917  1   0     0    0  Jim Creek, Washington
NLK218   21.80  48.204  121.917  1   0     0    0  Jim Creek, Washington
NLK219   21.90  48.204  121.917  1   0     0    0  Jim Creek, Washington
NLK220   22.00  48.204  121.917  1   0     0    0  Jim Creek, Washington
NLK221   22.10  48.204  121.917  1   0     0    0  Jim Creek, Washington
NLK222   22.20  48.204  121.917  1   0     0    0  Jim Creek, Washington
NLK223   22.30  48.204  121.917  1   0     0    0  Jim Creek, Washington
NLK224   22.40  48.204  121.917  1   0     0    0  Jim Creek, Washington
NLK225   22.50  48.204  121.917  1   0     0    0  Jim Creek, Washington
NLK226   22.60  48.204  121.917  1   0     0    0  Jim Creek, Washington
NLK227   22.70  48.204  121.917  1   0     0    0  Jim Creek, Washington
NLK228   22.80  48.204  121.917  1   0     0    0  Jim Creek, Washington
NLK229   22.90  48.204  121.917  1   0     0    0  Jim Creek, Washington
NLK230   23.00  48.204  121.917  1   0     0    0  Jim Creek, Washington
NLK231   23.10  48.204  121.917  1   0     0    0  Jim Creek, Washington
NLK232   23.20  48.204  121.917  1   0     0    0  Jim Creek, Washington
NLK233   23.30  48.204  121.917  1   0     0    0  Jim Creek, Washington
NLK234   23.40  48.204  121.917  1   0     0    0  Jim Creek, Washington
NLK235   23.50  48.204  121.917  1   0     0    0  Jim Creek, Washington
NLK236   23.60  48.204  121.917  1   0     0    0  Jim Creek, Washington
NLK237   23.70  48.204  121.917  1   0     0    0  Jim Creek, Washington
NLK238   23.80  48.204  121.917  1   0     0    0  Jim Creek, Washington
NLK239   23.90  48.204  121.917  1   0     0    0  Jim Creek, Washington
NLK240   24.00  48.204  121.917  1   0     0    0  Jim Creek, Washington
NLK241   24.10  48.204  121.917  1   0     0    0  Jim Creek, Washington
NLK242   24.20  48.204  121.917  1   0     0    0  Jim Creek, Washington
NLK243   24.30  48.204  121.917  1   0     0    0  Jim Creek, Washington
NLK244   24.40  48.204  121.917  1   0     0    0  Jim Creek, Washington
NLK245   24.50  48.204  121.917  1   0     0    0  Jim Creek, Washington
NLK246   24.60  48.204  121.917  1   0     0    0  Jim Creek, Washington
NLK247   24.70  48.204  121.917  1   0     0    0  Jim Creek, Washington
NLK248   24.80  48.204  121.917  1   0     0    0  Jim Creek, Washington
NLK249   24.90  48.204  121.917  1   0     0    0  Jim Creek, Washington
NLK250   25.00  48.204  121.917  1   0     0    0  Jim Creek, Washington
NLK251   25.10  48.204  121.917  1   0     0    0  Jim Creek, Washington
NLK252   25.20  48.204  121.917  1   0     0    0  Jim Creek, Washington
NLK253   25.30  48.204  121.917  1   0     0    0  Jim Creek, Washington
NLK254   25.40  48.204  121.917  1   0     0    0  Jim Creek, Washington
NLK255   25.50  48.204  121.917  1   0     0    0  Jim Creek, Washington
NLK256   25.60  48.204  121.917  1   0     0    0  Jim Creek, Washington
NLK257   25.70  48.204  121.917  1   0     0    0  Jim Creek, Washington
NLK258   25.80  48.204  121.917  1   0     0    0  Jim Creek, Washington
NLK259   25.90  48.204  121.917  1   0     0    0  Jim Creek, Washington
NLK260   26.00  48.204  121.917  1   0     0    0  Jim Creek, Washington
NLK261   26.10  48.204  121.917  1   0     0    0  Jim Creek, Washington
NLK262   26.20  48.204  121.917  1   0     0    0  Jim Creek, Washington
NLK263   26.30  48.204  121.917  1   0     0    0  Jim Creek, Washington
NLK264   26.40  48.204  121.917  1   0     0    0  Jim Creek, Washington
NLK265   26.50  48.204  121.917  1   0     0    0  Jim Creek, Washington
NLK266   26.60  48.204  121.917  1   0     0    0  Jim Creek, Washington
NLK267   26.70  48.204  121.917  1   0     0    0  Jim Creek, Washington
NLK268   26.80  48.204  121.917  1   0     0    0  Jim Creek, Washington
NLK269   26.90  48.204  121.917  1   0     0    0  Jim Creek, Washington
NLK270   27.00  48.204  121.917  1   0     0    0  Jim Creek, Washington
NLK271   27.10  48.204  121.917  1   0     0    0  Jim Creek, Washington
NLK272   27.20  48.204  121.917  1   0     0    0  Jim Creek, Washington
NLK273   27.30  48.204  121.917  1   0     0    0  Jim Creek, Washington
NLK274   27.40  48.204  121.917  1   0     0    0  Jim Creek, Washington
NLK275   27.50  48.204  121.917  1   0     0    0  Jim Creek, Washington
NLK276   27.60  48.204  121.917  1   0     0    0  Jim Creek, Washington
NLK277   27.70  48.204  121.917  1   0     0    0  Jim Creek, Washington
NLK278   27.80  48.204  121.917  1   0     0    0  Jim Creek, Washington
NLK279   27.90  48.204  121.917  1   0     0    0  Jim Creek, Washington
NLK280   28.00  48.204  121.917  1   0     0    0  Jim Creek, Washington
NLK281   28.10  48.204  121.917  1   0     0    0  Jim Creek, Washington
NLK282   28.20  48.204  121.917  1   0     0    0  Jim Creek, Washington
NLK283   28.30  48.204  121.917  1   0     0    0  Jim Creek, Washington
NLK284   28.40  48.204  121.917  1   0     0    0  Jim Creek, Washington
NLK285   28.50  48.204  121.917  1   0     0    0  Jim Creek, Washington
NLK286   28.60  48.204  121.917  1   0     0    0  Jim Creek, Washington
NLK287   28.70  48.204  121.917  1   0     0    0  Jim Creek, Washington
NLK288   28.80  48.204  121.917  1   0     0    0  Jim Creek, Washington
NLK289   28.90  48.204  121.917  1   0     0    0  Jim Creek, Washington
NLK290   29.00  48.204  121.917  1   0     0    0  Jim Creek, Washington
NLK291   29.10  48.204  121.917  1   0     0    0  Jim Creek, Washington
NLK292   29.20  48.204  121.917  1   0     0    0  Jim Creek, Washington
NLK293   29.30  48.204  121.917  1   0     0    0  Jim Creek, Washington
NLK294   29.40  48.204  121.917  1   0     0    0  Jim Creek, Washington
NLK295   29.50  48.204  121.917  1   0     0    0  Jim Creek, Washington
NLK296   29.60  48.204  121.917  1   0     0    0  Jim Creek, Washington
NLK297   29.70  48.204  121.917  1   0     0    0  Jim Creek, Washington
NLK298   29.80  48.204  121.917  1   0     0    0  Jim Creek, Washington
NLK299   29.90  48.204  121.917  1   0     0    0  Jim Creek, Washington
NLK300   30.00  48.204  121.917  1   0     0    0  Jim Creek, Washington
NAU080    8.00  18.399   67.177  1   0     0    0  Aguada, Puerto Rico
NAU081    8.10  18.399   67.177  1   0     0    0  Aguada, Puerto Rico
NAU082    8.20  18.399   67.177  1   0     0    0  Aguada, Puerto Rico
NAU083    8.30  18.399   67.177  1   0     0    0  Aguada, Puerto Rico
NAU084    8.40  18.399   67.177  1   0     0    0  Aguada, Puerto Rico
NAU085    8.50  18.399   67.177  1   0     0    0  Aguada, Puerto Rico
NAU086    8.60  18.399   67.177  1   0     0    0  Aguada, Puerto Rico
NAU087    8.70  18.399   67.177  1   0     0    0  Aguada, Puerto Rico
NAU088    8.80  18.399   67.177  1   0     0    0  Aguada, Puerto Rico
NAU089    8.90  18.399   67.177  1   0     0    0  Aguada, Puerto Rico
NAU090    9.00  18.399   67.177  1   0     0    0  Aguada, Puerto Rico
NAU091    9.10  18.399   67.177  1   0     0    0  Aguada, Puerto Rico
NAU092    9.20  18.399   67.177  1   0     0    0  Aguada, Puerto Rico
NAU093    9.30  18.399   67.177  1   0     0    0  Aguada, Puerto Rico
NAU094    9.40  18.399   67.177  1   0     0    0  Aguada, Puerto Rico
NAU095    9.50  18.399   67.177  1   0     0    0  Aguada, Puerto Rico
NAU096    9.60  18.399   67.177  1   0     0    0  Aguada, Puerto Rico
NAU097    9.70  18.399   67.177  1   0     0    0  Aguada, Puerto Rico
NAU098    9.80  18.399   67.177  1   0     0    0  Aguada, Puerto Rico
NAU099    9.90  18.399   67.177  1   0     0    0  Aguada, Puerto Rico
NAU100   10.00  18.399   67.177  1   0     0    0  Aguada, Puerto Rico
NAU101   10.10  18.399   67.177  1   0     0    0  Aguada, Puerto Rico
NAU102   10.20  18.399   67.177  1   0     0    0  Aguada, Puerto Rico
NAU103   10.30  18.399   67.177  1   0     0    0  Aguada, Puerto Rico
NAU104   10.40  18.399   67.177  1   0     0    0  Aguada, Puerto Rico
NAU105   10.50  18.399   67.177  1   0     0    0  Aguada, Puerto Rico
NAU106   10.60  18.399   67.177  1   0     0    0  Aguada, Puerto Rico
NAU107   10.70  18.399   67.177  1   0     0    0  Aguada, Puerto Rico
NAU108   10.80  18.399   67.177  1   0     0    0  Aguada, Puerto Rico
NAU109   10.90  18.399   67.177  1   0     0    0  Aguada, Puerto Rico
NAU110   11.00  18.399   67.177  1   0     0    0  Aguada, Puerto Rico
NAU111   11.10  18.399   67.177  1   0     0    0  Aguada, Puerto Rico
NAU112   11.20  18.399   67.177  1   0     0    0  Aguada, Puerto Rico
NAU113   11.30  18.399   67.177  1   0     0    0  Aguada, Puerto Rico
NAU114   11.40  18.399   67.177  1   0     0    0  Aguada, Puerto Rico
NAU115   11.50  18.399   67.177  1   0     0    0  Aguada, Puerto Rico
NAU116   11.60  18.399   67.177  1   0     0    0  Aguada, Puerto Rico
NAU117   11.70  18.399   67.177  1   0     0    0  Aguada, Puerto Rico
NAU118   11.80  18.399   67.177  1   0     0    0  Aguada, Puerto Rico
NAU119   11.90  18.399   67.177  1   0     0    0  Aguada, Puerto Rico
NAU120   12.00  18.399   67.177  1   0     0    0  Aguada, Puerto Rico
NAU121   12.10  18.399   67.177  1   0     0    0  Aguada, Puerto Rico
NAU122   12.20  18.399   67.177  1   0     0    0  Aguada, Puerto Rico
NAU123   12.30  18.399   67.177  1   0     0    0  Aguada, Puerto Rico
NAU124   12.40  18.399   67.177  1   0     0    0  Aguada, Puerto Rico
NAU125   12.50  18.399   67.177  1   0     0    0  Aguada, Puerto Rico
NAU126   12.60  18.399   67.177  1   0     0    0  Aguada, Puerto Rico
NAU127   12.70  18.399   67.177  1   0     0    0  Aguada, Puerto Rico
NAU128   12.80  18.399   67.177  1   0     0    0  Aguada, Puerto Rico
NAU129   12.90  18.399   67.177  1   0     0    0  Aguada, Puerto Rico
NAU130   13.00  18.399   67.177  1   0     0    0  Aguada, Puerto Rico
NAU131   13.10  18.399   67.177  1   0     0    0  Aguada, Puerto Rico
NAU132   13.20  18.399   67.177  1   0     0    0  Aguada, Puerto Rico
NAU133   13.30  18.399   67.177  1   0     0    0  Aguada, Puerto Rico
NAU134   13.40  18.399   67.177  1   0     0    0  Aguada, Puerto Rico
NAU135   13.50  18.399   67.177  1   0     0    0  Aguada, Puerto Rico
NAU136   13.60  18.399   67.177  1   0     0    0  Aguada, Puerto Rico
NAU137   13.70  18.399   67.177  1   0     0    0  Aguada, Puerto Rico
NAU138   13.80  18.399   67.177  1   0     0    0  Aguada, Puerto Rico
NAU139   13.90  18.399   67.177  1   0     0    0  Aguada, Puerto Rico
NAU140   14.00  18.399   67.177  1   0     0    0  Aguada, Puerto Rico
NAU141   14.10  18.399   67.177  1   0     0    0  Aguada, Puerto Rico
NAU142   14.20  18.399   67.177  1   0     0    0  Aguada, Puerto Rico
NAU143   14.30  18.399   67.177  1   0     0    0  Aguada, Puerto Rico
NAU144   14.40  18.399   67.177  1   0     0    0  Aguada, Puerto Rico
NAU145   14.50  18.399   67.177  1   0     0    0  Aguada, Puerto Rico
NAU146   14.60  18.399   67.177  1   0     0    0  Aguada, Puerto Rico
NAU147   14.70  18.399   67.177  1   0     0    0  Aguada, Puerto Rico
NAU148   14.80  18.399   67.177  1   0     0    0  Aguada, Puerto Rico
NAU149   14.90  18.399   67.177  1   0     0    0  Aguada, Puerto Rico
NAU150   15.00  18.399   67.177  1   0     0    0  Aguada, Puerto Rico
NAU151   15.10  18.399   67.177  1   0     0    0  Aguada, Puerto Rico
NAU152   15.20  18.399   67.177  1   0     0    0  Aguada, Puerto Rico
NAU153   15.30  18.399   67.177  1   0     0    0  Aguada, Puerto Rico
NAU154   15.40  18.399   67.177  1   0     0    0  Aguada, Puerto Rico
NAU155   15.50  18.399   67.177  1   0     0    0  Aguada, Puerto Rico
NAU156   15.60  18.399   67.177  1   0     0    0  Aguada, Puerto Rico
NAU157   15.70  18.399   67.177  1   0     0    0  Aguada, Puerto Rico
NAU158   15.80  18.399   67.177  1   0     0    0  Aguada, Puerto Rico
NAU159   15.90  18.399   67.177  1   0     0    0  Aguada, Puerto Rico
NAU160   16.00  18.399   67.177  1   0     0    0  Aguada, Puerto Rico
NAU161   16.10  18.399   67.177  1   0     0    0  Aguada, Puerto Rico
NAU162   16.20  18.399   67.177  1   0     0    0  Aguada, Puerto Rico
NAU163   16.30  18.399   67.177  1   0     0    0  Aguada, Puerto Rico
NAU164   16.40  18.399   67.177  1   0     0    0  Aguada, Puerto Rico
NAU165   16.50  18.399   67.177  1   0     0    0  Aguada, Puerto Rico
NAU166   16.60  18.399   67.177  1   0     0    0  Aguada, Puerto Rico
NAU167   16.70  18.399   67.177  1   0     0    0  Aguada, Puerto Rico
NAU168   16.80  18.399   67.177  1   0     0    0  Aguada, Puerto Rico
NAU169   16.90  18.399   67.177  1   0     0    0  Aguada, Puerto Rico
NAU170   17.00  18.399   67.177  1   0     0    0  Aguada, Puerto Rico
NAU171   17.10  18.399   67.177  1   0     0    0  Aguada, Puerto Rico
NAU172   17.20  18.399   67.177  1   0     0    0  Aguada, Puerto Rico
NAU173   17.30  18.399   67.177  1   0     0    0  Aguada, Puerto Rico
NAU174   17.40  18.399   67.177  1   0     0    0  Aguada, Puerto Rico
NAU175   17.50  18.399   67.177  1   0     0    0  Aguada, Puerto Rico
NAU176   17.60  18.399   67.177  1   0     0    0  Aguada, Puerto Rico
NAU177   17.70  18.399   67.177  1   0     0    0  Aguada, Puerto Rico
NAU178   17.80  18.399   67.177  1   0     0    0  Aguada, Puerto Rico
NAU179   17.90  18.399   67.177  1   0     0    0  Aguada, Puerto Rico
NAU180   18.00  18.399   67.177  1   0     0    0  Aguada, Puerto Rico
NAU181   18.10  18.399   67.177  1   0     0    0  Aguada, Puerto Rico
NAU182   18.20  18.399   67.177  1   0     0    0  Aguada, Puerto Rico
NAU183   18.30  18.399   67.177  1   0     0    0  Aguada, Puerto Rico
NAU184   18.40  18.399   67.177  1   0     0    0  Aguada, Puerto Rico
NAU185   18.50  18.399   67.177  1   0     0    0  Aguada, Puerto Rico
NAU186   18.60  18.399   67.177  1   0     0    0  Aguada, Puerto Rico
NAU187   18.70  18.399   67.177  1   0     0    0  Aguada, Puerto Rico
NAU188   18.80  18.399   67.177  1   0     0    0  Aguada, Puerto Rico
NAU189   18.90  18.399   67.177  1   0     0    0  Aguada, Puerto Rico
NAU190   19.00  18.399   67.177  1   0     0    0  Aguada, Puerto Rico
NAU191   19.10  18.399   67.177  1   0     0    0  Aguada, Puerto Rico
NAU192   19.20  18.399   67.177  1   0     0    0  Aguada, Puerto Rico
NAU193   19.30  18.399   67.177  1   0     0    0  Aguada, Puerto Rico
NAU194   19.40  18.399   67.177  1   0     0    0  Aguada, Puerto Rico
NAU195   19.50  18.399   67.177  1   0     0    0  Aguada, Puerto Rico
NAU196   19.60  18.399   67.177  1   0     0    0  Aguada, Puerto Rico
NAU197   19.70  18.399   67.177  1   0     0    0  Aguada, Puerto Rico
NAU198   19.80  18.399   67.177  1   0     0    0  Aguada, Puerto Rico
NAU199   19.90  18.399   67.177  1   0     0    0  Aguada, Puerto Rico
NAU200   20.00  18.399   67.177  1   0     0    0  Aguada, Puerto Rico
NAU201   20.10  18.399   67.177  1   0     0    0  Aguada, Puerto Rico
NAU202   20.20  18.399   67.177  1   0     0    0  Aguada, Puerto Rico
NAU203   20.30  18.399   67.177  1   0     0    0  Aguada, Puerto Rico
NAU204   20.40  18.399   67.177  1   0     0    0  Aguada, Puerto Rico
NAU205   20.50  18.399   67.177  1   0     0    0  Aguada, Puerto Rico
NAU206   20.60  18.399   67.177  1   0     0    0  Aguada, Puerto Rico
NAU207   20.70  18.399   67.177  1   0     0    0  Aguada, Puerto Rico
NAU208   20.80  18.399   67.177  1   0     0    0  Aguada, Puerto Rico
NAU209   20.90  18.399   67.177  1   0     0    0  Aguada, Puerto Rico
NAU210   21.00  18.399   67.177  1   0     0    0  Aguada, Puerto Rico
NAU211   21.10  18.399   67.177  1   0     0    0  Aguada, Puerto Rico
NAU212   21.20  18.399   67.177  1   0     0    0  Aguada, Puerto Rico
NAU213   21.30  18.399   67.177  1   0     0    0  Aguada, Puerto Rico
NAU214   21.40  18.399   67.177  1   0     0    0  Aguada, Puerto Rico
NAU215   21.50  18.399   67.177  1   0     0    0  Aguada, Puerto Rico
NAU216   21.60  18.399   67.177  1   0     0    0  Aguada, Puerto Rico
NAU217   21.70  18.399   67.177  1   0     0    0  Aguada, Puerto Rico
NAU218   21.80  18.399   67.177  1   0     0    0  Aguada, Puerto Rico
NAU219   21.90  18.399   67.177  1   0     0    0  Aguada, Puerto Rico
NAU220   22.00  18.399   67.177  1   0     0    0  Aguada, Puerto Rico
NAU221   22.10  18.399   67.177  1   0     0    0  Aguada, Puerto Rico
NAU222   22.20  18.399   67.177  1   0     0    0  Aguada, Puerto Rico
NAU223   22.30  18.399   67.177  1   0     0    0  Aguada, Puerto Rico
NAU224   22.40  18.399   67.177  1   0     0    0  Aguada, Puerto Rico
NAU225   22.50  18.399   67.177  1   0     0    0  Aguada, Puerto Rico
NAU226   22.60  18.399   67.177  1   0     0    0  Aguada, Puerto Rico
NAU227   22.70  18.399   67.177  1   0     0    0  Aguada, Puerto Rico
NAU228   22.80  18.399   67.177  1   0     0    0  Aguada, Puerto Rico
NAU229   22.90  18.399   67.177  1   0     0    0  Aguada, Puerto Rico
NAU230   23.00  18.399   67.177  1   0     0    0  Aguada, Puerto Rico
NAU231   23.10  18.399   67.177  1   0     0    0  Aguada, Puerto Rico
NAU232   23.20  18.399   67.177  1   0     0    0  Aguada, Puerto Rico
NAU233   23.30  18.399   67.177  1   0     0    0  Aguada, Puerto Rico
NAU234   23.40  18.399   67.177  1   0     0    0  Aguada, Puerto Rico
NAU235   23.50  18.399   67.177  1   0     0    0  Aguada, Puerto Rico
NAU236   23.60  18.399   67.177  1   0     0    0  Aguada, Puerto Rico
NAU237   23.70  18.399   67.177  1   0     0    0  Aguada, Puerto Rico
NAU238   23.80  18.399   67.177  1   0     0    0  Aguada, Puerto Rico
NAU239   23.90  18.399   67.177  1   0     0    0  Aguada, Puerto Rico
NAU240   24.00  18.399   67.177  1   0     0    0  Aguada, Puerto Rico
NAU241   24.10  18.399   67.177  1   0     0    0  Aguada, Puerto Rico
NAU242   24.20  18.399   67.177  1   0     0    0  Aguada, Puerto Rico
NAU243   24.30  18.399   67.177  1   0     0    0  Aguada, Puerto Rico
NAU244   24.40  18.399   67.177  1   0     0    0  Aguada, Puerto Rico
NAU245   24.50  18.399   67.177  1   0     0    0  Aguada, Puerto Rico
NAU246   24.60  18.399   67.177  1   0     0    0  Aguada, Puerto Rico
NAU247   24.70  18.399   67.177  1   0     0    0  Aguada, Puerto Rico
NAU248   24.80  18.399   67.177  1   0     0    0  Aguada, Puerto Rico
NAU249   24.90  18.399   67.177  1   0     0    0  Aguada, Puerto Rico
NAU250   25.00  18.399   67.177  1   0     0    0  Aguada, Puerto Rico
NAU251   25.10  18.399   67.177  1   0     0    0  Aguada, Puerto Rico
NAU252   25.20  18.399   67.177  1   0     0    0  Aguada, Puerto Rico
NAU253   25.30  18.399   67.177  1   0     0    0  Aguada, Puerto Rico
NAU254   25.40  18.399   67.177  1   0     0    0  Aguada, Puerto Rico
NAU255   25.50  18.399   67.177  1   0     0    0  Aguada, Puerto Rico
NAU256   25.60  18.399   67.177  1   0     0    0  Aguada, Puerto Rico
NAU257   25.70  18.399   67.177  1   0     0    0  Aguada, Puerto Rico
NAU258   25.80  18.399   67.177  1   0     0    0  Aguada, Puerto Rico
NAU259   25.90  18.399   67.177  1   0     0    0  Aguada, Puerto Rico
NAU260   26.00  18.399   67.177  1   0     0    0  Aguada, Puerto Rico
NAU261   26.10  18.399   67.177  1   0     0    0  Aguada, Puerto Rico
NAU262   26.20  18.399   67.177  1   0     0    0  Aguada, Puerto Rico
NAU263   26.30  18.399   67.177  1   0     0    0  Aguada, Puerto Rico
NAU264   26.40  18.399   67.177  1   0     0    0  Aguada, Puerto Rico
NAU265   26.50  18.399   67.177  1   0     0    0  Aguada, Puerto Rico
NAU266   26.60  18.399   67.177  1   0     0    0  Aguada, Puerto Rico
NAU267   26.70  18.399   67.177  1   0     0    0  Aguada, Puerto Rico
NAU268   26.80  18.399   67.177  1   0     0    0  Aguada, Puerto Rico
NAU269   26.90  18.399   67.177  1   0     0    0  Aguada, Puerto Rico
NAU270   27.00  18.399   67.177  1   0     0    0  Aguada, Puerto Rico
NAU271   27.10  18.399   67.177  1   0     0    0  Aguada, Puerto Rico
NAU272   27.20  18.399   67.177  1   0     0    0  Aguada, Puerto Rico
NAU273   27.30  18.399   67.177  1   0     0    0  Aguada, Puerto Rico
NAU274   27.40  18.399   67.177  1   0     0    0  Aguada, Puerto Rico
NAU275   27.50  18.399   67.177  1   0     0    0  Aguada, Puerto Rico
NAU276   27.60  18.399   67.177  1   0     0    0  Aguada, Puerto Rico
NAU277   27.70  18.399   67.177  1   0     0    0  Aguada, Puerto Rico
NAU278   27.80  18.399   67.177  1   0     0    0  Aguada, Puerto Rico
NAU279   27.90  18.399   67.177  1   0     0    0  Aguada, Puerto Rico
NAU280   28.00  18.399   67.177  1   0     0    0  Aguada, Puerto Rico
NAU281   28.10  18.399   67.177  1   0     0    0  Aguada, Puerto Rico
NAU282   28.20  18.399   67.177  1   0     0    0  Aguada, Puerto Rico
NAU283   28.30  18.399   67.177  1   0     0    0  Aguada, Puerto Rico
NAU284   28.40  18.399   67.177  1   0     0    0  Aguada, Puerto Rico
NAU285   28.50  18.399   67.177  1   0     0    0  Aguada, Puerto Rico
NAU286   28.60  18.399   67.177  1   0     0    0  Aguada, Puerto Rico
NAU287   28.70  18.399   67.177  1   0     0    0  Aguada, Puerto Rico
NAU288   28.80  18.399   67.177  1   0     0    0  Aguada, Puerto Rico
NAU289   28.90  18.399   67.177  1   0     0    0  Aguada, Puerto Rico
NAU290   29.00  18.399   67.177  1   0     0    0  Aguada, Puerto Rico
NAU291   29.10  18.399   67.177  1   0     0    0  Aguada, Puerto Rico
NAU292   29.20  18.399   67.177  1   0     0    0  Aguada, Puerto Rico
NAU293   29.30  18.399   67.177  1   0     0    0  Aguada, Puerto Rico
NAU294   29.40  18.399   67.177  1   0     0    0  Aguada, Puerto Rico
NAU295   29.50  18.399   67.177  1   0     0    0  Aguada, Puerto Rico
NAU296   29.60  18.399   67.177  1   0     0    0  Aguada, Puerto Rico
NAU297   29.70  18.399   67.177  1   0     0    0  Aguada, Puerto Rico
NAU298   29.80  18.399   67.177  1   0     0    0  Aguada, Puerto Rico
NAU299   29.90  18.399   67.177  1   0     0    0  Aguada, Puerto Rico
NAU300   30.00  18.399   67.177  1   0     0    0  Aguada, Puerto Rico
NPM080    8.00  21.420  158.151  1   0     0    0  Lualualei, Hawaii
NPM081    8.10  21.420  158.151  1   0     0    0  Lualualei, Hawaii
NPM082    8.20  21.420  158.151  1   0     0    0  Lualualei, Hawaii
NPM083    8.30  21.420  158.151  1   0     0    0  Lualualei, Hawaii
NPM084    8.40  21.420  158.151  1   0     0    0  Lualualei, Hawaii
NPM085    8.50  21.420  158.151  1   0     0    0  Lualualei, Hawaii
NPM086    8.60  21.420  158.151  1   0     0    0  Lualualei, Hawaii
NPM087    8.70  21.420  158.151  1   0     0    0  Lualualei, Hawaii
NPM088    8.80  21.420  158.151  1   0     0    0  Lualualei, Hawaii
NPM089    8.90  21.420  158.151  1   0     0    0  Lualualei, Hawaii
NPM090    9.00  21.420  158.151  1   0     0    0  Lualualei, Hawaii
NPM091    9.10  21.420  158.151  1   0     0    0  Lualualei, Hawaii
NPM092    9.20  21.420  158.151  1   0     0    0  Lualualei, Hawaii
NPM093    9.30  21.420  158.151  1   0     0    0  Lualualei, Hawaii
NPM094    9.40  21.420  158.151  1   0     0    0  Lualualei, Hawaii
NPM095    9.50  21.420  158.151  1   0     0    0  Lualualei, Hawaii
NPM096    9.60  21.420  158.151  1   0     0    0  Lualualei, Hawaii
NPM097    9.70  21.420  158.151  1   0     0    0  Lualualei, Hawaii
NPM098    9.80  21.420  158.151  1   0     0    0  Lualualei, Hawaii
NPM099    9.90  21.420  158.151  1   0     0    0  Lualualei, Hawaii
NPM100   10.00  21.420  158.151  1   0     0    0  Lualualei, Hawaii
NPM101   10.10  21.420  158.151  1   0     0    0  Lualualei, Hawaii
NPM102   10.20  21.420  158.151  1   0     0    0  Lualualei, Hawaii
NPM103   10.30  21.420  158.151  1   0     0    0  Lualualei, Hawaii
NPM104   10.40  21.420  158.151  1   0     0    0  Lualualei, Hawaii
NPM105   10.50  21.420  158.151  1   0     0    0  Lualualei, Hawaii
NPM106   10.60  21.420  158.151  1   0     0    0  Lualualei, Hawaii
NPM107   10.70  21.420  158.151  1   0     0    0  Lualualei, Hawaii
NPM108   10.80  21.420  158.151  1   0     0    0  Lualualei, Hawaii
NPM109   10.90  21.420  158.151  1   0     0    0  Lualualei, Hawaii
NPM110   11.00  21.420  158.151  1   0     0    0  Lualualei, Hawaii
NPM111   11.10  21.420  158.151  1   0     0    0  Lualualei, Hawaii
NPM112   11.20  21.420  158.151  1   0     0    0  Lualualei, Hawaii
NPM113   11.30  21.420  158.151  1   0     0    0  Lualualei, Hawaii
NPM114   11.40  21.420  158.151  1   0     0    0  Lualualei, Hawaii
NPM115   11.50  21.420  158.151  1   0     0    0  Lualualei, Hawaii
NPM116   11.60  21.420  158.151  1   0     0    0  Lualualei, Hawaii
NPM117   11.70  21.420  158.151  1   0     0    0  Lualualei, Hawaii
NPM118   11.80  21.420  158.151  1   0     0    0  Lualualei, Hawaii
NPM119   11.90  21.420  158.151  1   0     0    0  Lualualei, Hawaii
NPM120   12.00  21.420  158.151  1   0     0    0  Lualualei, Hawaii
NPM121   12.10  21.420  158.151  1   0     0    0  Lualualei, Hawaii
NPM122   12.20  21.420  158.151  1   0     0    0  Lualualei, Hawaii
NPM123   12.30  21.420  158.151  1   0     0    0  Lualualei, Hawaii
NPM124   12.40  21.420  158.151  1   0     0    0  Lualualei, Hawaii
NPM125   12.50  21.420  158.151  1   0     0    0  Lualualei, Hawaii
NPM126   12.60  21.420  158.151  1   0     0    0  Lualualei, Hawaii
NPM127   12.70  21.420  158.151  1   0     0    0  Lualualei, Hawaii
NPM128   12.80  21.420  158.151  1   0     0    0  Lualualei, Hawaii
NPM129   12.90  21.420  158.151  1   0     0    0  Lualualei, Hawaii
NPM130   13.00  21.420  158.151  1   0     0    0  Lualualei, Hawaii
NPM131   13.10  21.420  158.151  1   0     0    0  Lualualei, Hawaii
NPM132   13.20  21.420  158.151  1   0     0    0  Lualualei, Hawaii
NPM133   13.30  21.420  158.151  1   0     0    0  Lualualei, Hawaii
NPM134   13.40  21.420  158.151  1   0     0    0  Lualualei, Hawaii
NPM135   13.50  21.420  158.151  1   0     0    0  Lualualei, Hawaii
NPM136   13.60  21.420  158.151  1   0     0    0  Lualualei, Hawaii
NPM137   13.70  21.420  158.151  1   0     0    0  Lualualei, Hawaii
NPM138   13.80  21.420  158.151  1   0     0    0  Lualualei, Hawaii
NPM139   13.90  21.420  158.151  1   0     0    0  Lualualei, Hawaii
NPM140   14.00  21.420  158.151  1   0     0    0  Lualualei, Hawaii
NPM141   14.10  21.420  158.151  1   0     0    0  Lualualei, Hawaii
NPM142   14.20  21.420  158.151  1   0     0    0  Lualualei, Hawaii
NPM143   14.30  21.420  158.151  1   0     0    0  Lualualei, Hawaii
NPM144   14.40  21.420  158.151  1   0     0    0  Lualualei, Hawaii
NPM145   14.50  21.420  158.151  1   0     0    0  Lualualei, Hawaii
NPM146   14.60  21.420  158.151  1   0     0    0  Lualualei, Hawaii
NPM147   14.70  21.420  158.151  1   0     0    0  Lualualei, Hawaii
NPM148   14.80  21.420  158.151  1   0     0    0  Lualualei, Hawaii
NPM149   14.90  21.420  158.151  1   0     0    0  Lualualei, Hawaii
NPM150   15.00  21.420  158.151  1   0     0    0  Lualualei, Hawaii
NPM151   15.10  21.420  158.151  1   0     0    0  Lualualei, Hawaii
NPM152   15.20  21.420  158.151  1   0     0    0  Lualualei, Hawaii
NPM153   15.30  21.420  158.151  1   0     0    0  Lualualei, Hawaii
NPM154   15.40  21.420  158.151  1   0     0    0  Lualualei, Hawaii
NPM155   15.50  21.420  158.151  1   0     0    0  Lualualei, Hawaii
NPM156   15.60  21.420  158.151  1   0     0    0  Lualualei, Hawaii
NPM157   15.70  21.420  158.151  1   0     0    0  Lualualei, Hawaii
NPM158   15.80  21.420  158.151  1   0     0    0  Lualualei, Hawaii
NPM159   15.90  21.420  158.151  1   0     0    0  Lualualei, Hawaii
NPM160   16.00  21.420  158.151  1   0     0    0  Lualualei, Hawaii
NPM161   16.10  21.420  158.151  1   0     0    0  Lualualei, Hawaii
NPM162   16.20  21.420  158.151  1   0     0    0  Lualualei, Hawaii
NPM163   16.30  21.420  158.151  1   0     0    0  Lualualei, Hawaii
NPM164   16.40  21.420  158.151  1   0     0    0  Lualualei, Hawaii
NPM165   16.50  21.420  158.151  1   0     0    0  Lualualei, Hawaii
NPM166   16.60  21.420  158.151  1   0     0    0  Lualualei, Hawaii
NPM167   16.70  21.420  158.151  1   0     0    0  Lualualei, Hawaii
NPM168   16.80  21.420  158.151  1   0     0    0  Lualualei, Hawaii
NPM169   16.90  21.420  158.151  1   0     0    0  Lualualei, Hawaii
NPM170   17.00  21.420  158.151  1   0     0    0  Lualualei, Hawaii
NPM171   17.10  21.420  158.151  1   0     0    0  Lualualei, Hawaii
NPM172   17.20  21.420  158.151  1   0     0    0  Lualualei, Hawaii
NPM173   17.30  21.420  158.151  1   0     0    0  Lualualei, Hawaii
NPM174   17.40  21.420  158.151  1   0     0    0  Lualualei, Hawaii
NPM175   17.50  21.420  158.151  1   0     0    0  Lualualei, Hawaii
NPM176   17.60  21.420  158.151  1   0     0    0  Lualualei, Hawaii
NPM177   17.70  21.420  158.151  1   0     0    0  Lualualei, Hawaii
NPM178   17.80  21.420  158.151  1   0     0    0  Lualualei, Hawaii
NPM179   17.90  21.420  158.151  1   0     0    0  Lualualei, Hawaii
NPM180   18.00  21.420  158.151  1   0     0    0  Lualualei, Hawaii
NPM181   18.10  21.420  158.151  1   0     0    0  Lualualei, Hawaii
NPM182   18.20  21.420  158.151  1   0     0    0  Lualualei, Hawaii
NPM183   18.30  21.420  158.151  1   0     0    0  Lualualei, Hawaii
NPM184   18.40  21.420  158.151  1   0     0    0  Lualualei, Hawaii
NPM185   18.50  21.420  158.151  1   0     0    0  Lualualei, Hawaii
NPM186   18.60  21.420  158.151  1   0     0    0  Lualualei, Hawaii
NPM187   18.70  21.420  158.151  1   0     0    0  Lualualei, Hawaii
NPM188   18.80  21.420  158.151  1   0     0    0  Lualualei, Hawaii
NPM189   18.90  21.420  158.151  1   0     0    0  Lualualei, Hawaii
NPM190   19.00  21.420  158.151  1   0     0    0  Lualualei, Hawaii
NPM191   19.10  21.420  158.151  1   0     0    0  Lualualei, Hawaii
NPM192   19.20  21.420  158.151  1   0     0    0  Lualualei, Hawaii
NPM193   19.30  21.420  158.151  1   0     0    0  Lualualei, Hawaii
NPM194   19.40  21.420  158.151  1   0     0    0  Lualualei, Hawaii
NPM195   19.50  21.420  158.151  1   0     0    0  Lualualei, Hawaii
NPM196   19.60  21.420  158.151  1   0     0    0  Lualualei, Hawaii
NPM197   19.70  21.420  158.151  1   0     0    0  Lualualei, Hawaii
NPM198   19.80  21.420  158.151  1   0     0    0  Lualualei, Hawaii
NPM199   19.90  21.420  158.151  1   0     0    0  Lualualei, Hawaii
NPM200   20.00  21.420  158.151  1   0     0    0  Lualualei, Hawaii
NPM201   20.10  21.420  158.151  1   0     0    0  Lualualei, Hawaii
NPM202   20.20  21.420  158.151  1   0     0    0  Lualualei, Hawaii
NPM203   20.30  21.420  158.151  1   0     0    0  Lualualei, Hawaii
NPM204   20.40  21.420  158.151  1   0     0    0  Lualualei, Hawaii
NPM205   20.50  21.420  158.151  1   0     0    0  Lualualei, Hawaii
NPM206   20.60  21.420  158.151  1   0     0    0  Lualualei, Hawaii
NPM207   20.70  21.420  158.151  1   0     0    0  Lualualei, Hawaii
NPM208   20.80  21.420  158.151  1   0     0    0  Lualualei, Hawaii
NPM209   20.90  21.420  158.151  1   0     0    0  Lualualei, Hawaii
NPM210   21.00  21.420  158.151  1   0     0    0  Lualualei, Hawaii
NPM211   21.10  21.420  158.151  1   0     0    0  Lualualei, Hawaii
NPM212   21.20  21.420  158.151  1   0     0    0  Lualualei, Hawaii
NPM213   21.30  21.420  158.151  1   0     0    0  Lualualei, Hawaii
NPM214   21.40  21.420  158.151  1   0     0    0  Lualualei, Hawaii
NPM215   21.50  21.420  158.151  1   0     0    0  Lualualei, Hawaii
NPM216   21.60  21.420  158.151  1   0     0    0  Lualualei, Hawaii
NPM217   21.70  21.420  158.151  1   0     0    0  Lualualei, Hawaii
NPM218   21.80  21.420  158.151  1   0     0    0  Lualualei, Hawaii
NPM219   21.90  21.420  158.151  1   0     0    0  Lualualei, Hawaii
NPM220   22.00  21.420  158.151  1   0     0    0  Lualualei, Hawaii
NPM221   22.10  21.420  158.151  1   0     0    0  Lualualei, Hawaii
NPM222   22.20  21.420  158.151  1   0     0    0  Lualualei, Hawaii
NPM223   22.30  21.420  158.151  1   0     0    0  Lualualei, Hawaii
NPM224   22.40  21.420  158.151  1   0     0    0  Lualualei, Hawaii
NPM225   22.50  21.420  158.151  1   0     0    0  Lualualei, Hawaii
NPM226   22.60  21.420  158.151  1   0     0    0  Lualualei, Hawaii
NPM227   22.70  21.420  158.151  1   0     0    0  Lualualei, Hawaii
NPM228   22.80  21.420  158.151  1   0     0    0  Lualualei, Hawaii
NPM229   22.90  21.420  158.151  1   0     0    0  Lualualei, Hawaii
NPM230   23.00  21.420  158.151  1   0     0    0  Lualualei, Hawaii
NPM231   23.10  21.420  158.151  1   0     0    0  Lualualei, Hawaii
NPM232   23.20  21.420  158.151  1   0     0    0  Lualualei, Hawaii
NPM233   23.30  21.420  158.151  1   0     0    0  Lualualei, Hawaii
NPM234   23.40  21.420  158.151  1   0     0    0  Lualualei, Hawaii
NPM235   23.50  21.420  158.151  1   0     0    0  Lualualei, Hawaii
NPM236   23.60  21.420  158.151  1   0     0    0  Lualualei, Hawaii
NPM237   23.70  21.420  158.151  1   0     0    0  Lualualei, Hawaii
NPM238   23.80  21.420  158.151  1   0     0    0  Lualualei, Hawaii
NPM239   23.90  21.420  158.151  1   0     0    0  Lualualei, Hawaii
NPM240   24.00  21.420  158.151  1   0     0    0  Lualualei, Hawaii
NPM241   24.10  21.420  158.151  1   0     0    0  Lualualei, Hawaii
NPM242   24.20  21.420  158.151  1   0     0    0  Lualualei, Hawaii
NPM243   24.30  21.420  158.151  1   0     0    0  Lualualei, Hawaii
NPM244   24.40  21.420  158.151  1   0     0    0  Lualualei, Hawaii
NPM245   24.50  21.420  158.151  1   0     0    0  Lualualei, Hawaii
NPM246   24.60  21.420  158.151  1   0     0    0  Lualualei, Hawaii
NPM247   24.70  21.420  158.151  1   0     0    0  Lualualei, Hawaii
NPM248   24.80  21.420  158.151  1   0     0    0  Lualualei, Hawaii
NPM249   24.90  21.420  158.151  1   0     0    0  Lualualei, Hawaii
NPM250   25.00  21.420  158.151  1   0     0    0  Lualualei, Hawaii
NPM251   25.10  21.420  158.151  1   0     0    0  Lualualei, Hawaii
NPM252   25.20  21.420  158.151  1   0     0    0  Lualualei, Hawaii
NPM253   25.30  21.420  158.151  1   0     0    0  Lualualei, Hawaii
NPM254   25.40  21.420  158.151  1   0     0    0  Lualualei, Hawaii
NPM255   25.50  21.420  158.151  1   0     0    0  Lualualei, Hawaii
NPM256   25.60  21.420  158.151  1   0     0    0  Lualualei, Hawaii
NPM257   25.70  21.420  158.151  1   0     0    0  Lualualei, Hawaii
NPM258   25.80  21.420  158.151  1   0     0    0  Lualualei, Hawaii
NPM259   25.90  21.420  158.151  1   0     0    0  Lualualei, Hawaii
NPM260   26.00  21.420  158.151  1   0     0    0  Lualualei, Hawaii
NPM261   26.10  21.420  158.151  1   0     0    0  Lualualei, Hawaii
NPM262   26.20  21.420  158.151  1   0     0    0  Lualualei, Hawaii
NPM263   26.30  21.420  158.151  1   0     0    0  Lualualei, Hawaii
NPM264   26.40  21.420  158.151  1   0     0    0  Lualualei, Hawaii
NPM265   26.50  21.420  158.151  1   0     0    0  Lualualei, Hawaii
NPM266   26.60  21.420  158.151  1   0     0    0  Lualualei, Hawaii
NPM267   26.70  21.420  158.151  1   0     0    0  Lualualei, Hawaii
NPM268   26.80  21.420  158.151  1   0     0    0  Lualualei, Hawaii
NPM269   26.90  21.420  158.151  1   0     0    0  Lualualei, Hawaii
NPM270   27.00  21.420  158.151  1   0     0    0  Lualualei, Hawaii
NPM271   27.10  21.420  158.151  1   0     0    0  Lualualei, Hawaii
NPM272   27.20  21.420  158.151  1   0     0    0  Lualualei, Hawaii
NPM273   27.30  21.420  158.151  1   0     0    0  Lualualei, Hawaii
NPM274   27.40  21.420  158.151  1   0     0    0  Lualualei, Hawaii
NPM275   27.50  21.420  158.151  1   0     0    0  Lualualei, Hawaii
NPM276   27.60  21.420  158.151  1   0     0    0  Lualualei, Hawaii
NPM277   27.70  21.420  158.151  1   0     0    0  Lualualei, Hawaii
NPM278   27.80  21.420  158.151  1   0     0    0  Lualualei, Hawaii
NPM279   27.90  21.420  158.151  1   0     0    0  Lualualei, Hawaii
NPM280   28.00  21.420  158.151  1   0     0    0  Lualualei, Hawaii
NPM281   28.10  21.420  158.151  1   0     0    0  Lualualei, Hawaii
NPM282   28.20  21.420  158.151  1   0     0    0  Lualualei, Hawaii
NPM283   28.30  21.420  158.151  1   0     0    0  Lualualei, Hawaii
NPM284   28.40  21.420  158.151  1   0     0    0  Lualualei, Hawaii
NPM285   28.50  21.420  158.151  1   0     0    0  Lualualei, Hawaii
NPM286   28.60  21.420  158.151  1   0     0    0  Lualualei, Hawaii
NPM287   28.70  21.420  158.151  1   0     0    0  Lualualei, Hawaii
NPM288   28.80  21.420  158.151  1   0     0    0  Lualualei, Hawaii
NPM289   28.90  21.420  158.151  1   0     0    0  Lualualei, Hawaii
NPM290   29.00  21.420  158.151  1   0     0    0  Lualualei, Hawaii
NPM291   29.10  21.420  158.151  1   0     0    0  Lualualei, Hawaii
NPM292   29.20  21.420  158.151  1   0     0    0  Lualualei, Hawaii
NPM293   29.30  21.420  158.151  1   0     0    0  Lualualei, Hawaii
NPM294   29.40  21.420  158.151  1   0     0    0  Lualualei, Hawaii
NPM295   29.50  21.420  158.151  1   0     0    0  Lualualei, Hawaii
NPM296   29.60  21.420  158.151  1   0     0    0  Lualualei, Hawaii
NPM297   29.70  21.420  158.151  1   0     0    0  Lualualei, Hawaii
NPM298   29.80  21.420  158.151  1   0     0    0  Lualualei, Hawaii
NPM299   29.90  21.420  158.151  1   0     0    0  Lualualei, Hawaii
NPM300   30.00  21.420  158.151  1   0     0    0  Lualualei, Hawaii
GBZ080    8.00  54.912    3.278  1   0     0    0  Anthorn, United Kingdom
GBZ081    8.10  54.912    3.278  1   0     0    0  Anthorn, United Kingdom
GBZ082    8.20  54.912    3.278  1   0     0    0  Anthorn, United Kingdom
GBZ083    8.30  54.912    3.278  1   0     0    0  Anthorn, United Kingdom
GBZ084    8.40  54.912    3.278  1   0     0    0  Anthorn, United Kingdom
GBZ085    8.50  54.912    3.278  1   0     0    0  Anthorn, United Kingdom
GBZ086    8.60  54.912    3.278  1   0     0    0  Anthorn, United Kingdom
GBZ087    8.70  54.912    3.278  1   0     0    0  Anthorn, United Kingdom
GBZ088    8.80  54.912    3.278  1   0     0    0  Anthorn, United Kingdom
GBZ089    8.90  54.912    3.278  1   0     0    0  Anthorn, United Kingdom
GBZ090    9.00  54.912    3.278  1   0     0    0  Anthorn, United Kingdom
GBZ091    9.10  54.912    3.278  1   0     0    0  Anthorn, United Kingdom
GBZ092    9.20  54.912    3.278  1   0     0    0  Anthorn, United Kingdom
GBZ093    9.30  54.912    3.278  1   0     0    0  Anthorn, United Kingdom
GBZ094    9.40  54.912    3.278  1   0     0    0  Anthorn, United Kingdom
GBZ095    9.50  54.912    3.278  1   0     0    0  Anthorn, United Kingdom
GBZ096    9.60  54.912    3.278  1   0     0    0  Anthorn, United Kingdom
GBZ097    9.70  54.912    3.278  1   0     0    0  Anthorn, United Kingdom
GBZ098    9.80  54.912    3.278  1   0     0    0  Anthorn, United Kingdom
GBZ099    9.90  54.912    3.278  1   0     0    0  Anthorn, United Kingdom
GBZ100   10.00  54.912    3.278  1   0     0    0  Anthorn, United Kingdom
GBZ101   10.10  54.912    3.278  1   0     0    0  Anthorn, United Kingdom
GBZ102   10.20  54.912    3.278  1   0     0    0  Anthorn, United Kingdom
GBZ103   10.30  54.912    3.278  1   0     0    0  Anthorn, United Kingdom
GBZ104   10.40  54.912    3.278  1   0     0    0  Anthorn, United Kingdom
GBZ105   10.50  54.912    3.278  1   0     0    0  Anthorn, United Kingdom
GBZ106   10.60  54.912    3.278  1   0     0    0  Anthorn, United Kingdom
GBZ107   10.70  54.912    3.278  1   0     0    0  Anthorn, United Kingdom
GBZ108   10.80  54.912    3.278  1   0     0    0  Anthorn, United Kingdom
GBZ109   10.90  54.912    3.278  1   0     0    0  Anthorn, United Kingdom
GBZ110   11.00  54.912    3.278  1   0     0    0  Anthorn, United Kingdom
GBZ111   11.10  54.912    3.278  1   0     0    0  Anthorn, United Kingdom
GBZ112   11.20  54.912    3.278  1   0     0    0  Anthorn, United Kingdom
GBZ113   11.30  54.912    3.278  1   0     0    0  Anthorn, United Kingdom
GBZ114   11.40  54.912    3.278  1   0     0    0  Anthorn, United Kingdom
GBZ115   11.50  54.912    3.278  1   0     0    0  Anthorn, United Kingdom
GBZ116   11.60  54.912    3.278  1   0     0    0  Anthorn, United Kingdom
GBZ117   11.70  54.912    3.278  1   0     0    0  Anthorn, United Kingdom
GBZ118   11.80  54.912    3.278  1   0     0    0  Anthorn, United Kingdom
GBZ119   11.90  54.912    3.278  1   0     0    0  Anthorn, United Kingdom
GBZ120   12.00  54.912    3.278  1   0     0    0  Anthorn, United Kingdom
GBZ121   12.10  54.912    3.278  1   0     0    0  Anthorn, United Kingdom
GBZ122   12.20  54.912    3.278  1   0     0    0  Anthorn, United Kingdom
GBZ123   12.30  54.912    3.278  1   0     0    0  Anthorn, United Kingdom
GBZ124   12.40  54.912    3.278  1   0     0    0  Anthorn, United Kingdom
GBZ125   12.50  54.912    3.278  1   0     0    0  Anthorn, United Kingdom
GBZ126   12.60  54.912    3.278  1   0     0    0  Anthorn, United Kingdom
GBZ127   12.70  54.912    3.278  1   0     0    0  Anthorn, United Kingdom
GBZ128   12.80  54.912    3.278  1   0     0    0  Anthorn, United Kingdom
GBZ129   12.90  54.912    3.278  1   0     0    0  Anthorn, United Kingdom
GBZ130   13.00  54.912    3.278  1   0     0    0  Anthorn, United Kingdom
GBZ131   13.10  54.912    3.278  1   0     0    0  Anthorn, United Kingdom
GBZ132   13.20  54.912    3.278  1   0     0    0  Anthorn, United Kingdom
GBZ133   13.30  54.912    3.278  1   0     0    0  Anthorn, United Kingdom
GBZ134   13.40  54.912    3.278  1   0     0    0  Anthorn, United Kingdom
GBZ135   13.50  54.912    3.278  1   0     0    0  Anthorn, United Kingdom
GBZ136   13.60  54.912    3.278  1   0     0    0  Anthorn, United Kingdom
GBZ137   13.70  54.912    3.278  1   0     0    0  Anthorn, United Kingdom
GBZ138   13.80  54.912    3.278  1   0     0    0  Anthorn, United Kingdom
GBZ139   13.90  54.912    3.278  1   0     0    0  Anthorn, United Kingdom
GBZ140   14.00  54.912    3.278  1   0     0    0  Anthorn, United Kingdom
GBZ141   14.10  54.912    3.278  1   0     0    0  Anthorn, United Kingdom
GBZ142   14.20  54.912    3.278  1   0     0    0  Anthorn, United Kingdom
GBZ143   14.30  54.912    3.278  1   0     0    0  Anthorn, United Kingdom
GBZ144   14.40  54.912    3.278  1   0     0    0  Anthorn, United Kingdom
GBZ145   14.50  54.912    3.278  1   0     0    0  Anthorn, United Kingdom
GBZ146   14.60  54.912    3.278  1   0     0    0  Anthorn, United Kingdom
GBZ147   14.70  54.912    3.278  1   0     0    0  Anthorn, United Kingdom
GBZ148   14.80  54.912    3.278  1   0     0    0  Anthorn, United Kingdom
GBZ149   14.90  54.912    3.278  1   0     0    0  Anthorn, United Kingdom
GBZ150   15.00  54.912    3.278  1   0     0    0  Anthorn, United Kingdom
GBZ151   15.10  54.912    3.278  1   0     0    0  Anthorn, United Kingdom
GBZ152   15.20  54.912    3.278  1   0     0    0  Anthorn, United Kingdom
GBZ153   15.30  54.912    3.278  1   0     0    0  Anthorn, United Kingdom
GBZ154   15.40  54.912    3.278  1   0     0    0  Anthorn, United Kingdom
GBZ155   15.50  54.912    3.278  1   0     0    0  Anthorn, United Kingdom
GBZ156   15.60  54.912    3.278  1   0     0    0  Anthorn, United Kingdom
GBZ157   15.70  54.912    3.278  1   0     0    0  Anthorn, United Kingdom
GBZ158   15.80  54.912    3.278  1   0     0    0  Anthorn, United Kingdom
GBZ159   15.90  54.912    3.278  1   0     0    0  Anthorn, United Kingdom
GBZ160   16.00  54.912    3.278  1   0     0    0  Anthorn, United Kingdom
GBZ161   16.10  54.912    3.278  1   0     0    0  Anthorn, United Kingdom
GBZ162   16.20  54.912    3.278  1   0     0    0  Anthorn, United Kingdom
GBZ163   16.30  54.912    3.278  1   0     0    0  Anthorn, United Kingdom
GBZ164   16.40  54.912    3.278  1   0     0    0  Anthorn, United Kingdom
GBZ165   16.50  54.912    3.278  1   0     0    0  Anthorn, United Kingdom
GBZ166   16.60  54.912    3.278  1   0     0    0  Anthorn, United Kingdom
GBZ167   16.70  54.912    3.278  1   0     0    0  Anthorn, United Kingdom
GBZ168   16.80  54.912    3.278  1   0     0    0  Anthorn, United Kingdom
GBZ169   16.90  54.912    3.278  1   0     0    0  Anthorn, United Kingdom
GBZ170   17.00  54.912    3.278  1   0     0    0  Anthorn, United Kingdom
GBZ171   17.10  54.912    3.278  1   0     0    0  Anthorn, United Kingdom
GBZ172   17.20  54.912    3.278  1   0     0    0  Anthorn, United Kingdom
GBZ173   17.30  54.912    3.278  1   0     0    0  Anthorn, United Kingdom
GBZ174   17.40  54.912    3.278  1   0     0    0  Anthorn, United Kingdom
GBZ175   17.50  54.912    3.278  1   0     0    0  Anthorn, United Kingdom
GBZ176   17.60  54.912    3.278  1   0     0    0  Anthorn, United Kingdom
GBZ177   17.70  54.912    3.278  1   0     0    0  Anthorn, United Kingdom
GBZ178   17.80  54.912    3.278  1   0     0    0  Anthorn, United Kingdom
GBZ179   17.90  54.912    3.278  1   0     0    0  Anthorn, United Kingdom
GBZ180   18.00  54.912    3.278  1   0     0    0  Anthorn, United Kingdom
GBZ181   18.10  54.912    3.278  1   0     0    0  Anthorn, United Kingdom
GBZ182   18.20  54.912    3.278  1   0     0    0  Anthorn, United Kingdom
GBZ183   18.30  54.912    3.278  1   0     0    0  Anthorn, United Kingdom
GBZ184   18.40  54.912    3.278  1   0     0    0  Anthorn, United Kingdom
GBZ185   18.50  54.912    3.278  1   0     0    0  Anthorn, United Kingdom
GBZ186   18.60  54.912    3.278  1   0     0    0  Anthorn, United Kingdom
GBZ187   18.70  54.912    3.278  1   0     0    0  Anthorn, United Kingdom
GBZ188   18.80  54.912    3.278  1   0     0    0  Anthorn, United Kingdom
GBZ189   18.90  54.912    3.278  1   0     0    0  Anthorn, United Kingdom
GBZ190   19.00  54.912    3.278  1   0     0    0  Anthorn, United Kingdom
GBZ191   19.10  54.912    3.278  1   0     0    0  Anthorn, United Kingdom
GBZ192   19.20  54.912    3.278  1   0     0    0  Anthorn, United Kingdom
GBZ193   19.30  54.912    3.278  1   0     0    0  Anthorn, United Kingdom
GBZ194   19.40  54.912    3.278  1   0     0    0  Anthorn, United Kingdom
GBZ195   19.50  54.912    3.278  1   0     0    0  Anthorn, United Kingdom
GBZ196   19.60  54.912    3.278  1   0     0    0  Anthorn, United Kingdom
GBZ197   19.70  54.912    3.278  1   0     0    0  Anthorn, United Kingdom
GBZ198   19.80  54.912    3.278  1   0     0    0  Anthorn, United Kingdom
GBZ199   19.90  54.912    3.278  1   0     0    0  Anthorn, United Kingdom
GBZ200   20.00  54.912    3.278  1   0     0    0  Anthorn, United Kingdom
GBZ201   20.10  54.912    3.278  1   0     0    0  Anthorn, United Kingdom
GBZ202   20.20  54.912    3.278  1   0     0    0  Anthorn, United Kingdom
GBZ203   20.30  54.912    3.278  1   0     0    0  Anthorn, United Kingdom
GBZ204   20.40  54.912    3.278  1   0     0    0  Anthorn, United Kingdom
GBZ205   20.50  54.912    3.278  1   0     0    0  Anthorn, United Kingdom
GBZ206   20.60  54.912    3.278  1   0     0    0  Anthorn, United Kingdom
GBZ207   20.70  54.912    3.278  1   0     0    0  Anthorn, United Kingdom
GBZ208   20.80  54.912    3.278  1   0     0    0  Anthorn, United Kingdom
GBZ209   20.90  54.912    3.278  1   0     0    0  Anthorn, United Kingdom
GBZ210   21.00  54.912    3.278  1   0     0    0  Anthorn, United Kingdom
GBZ211   21.10  54.912    3.278  1   0     0    0  Anthorn, United Kingdom
GBZ212   21.20  54.912    3.278  1   0     0    0  Anthorn, United Kingdom
GBZ213   21.30  54.912    3.278  1   0     0    0  Anthorn, United Kingdom
GBZ214   21.40  54.912    3.278  1   0     0    0  Anthorn, United Kingdom
GBZ215   21.50  54.912    3.278  1   0     0    0  Anthorn, United Kingdom
GBZ216   21.60  54.912    3.278  1   0     0    0  Anthorn, United Kingdom
GBZ217   21.70  54.912    3.278  1   0     0    0  Anthorn, United Kingdom
GBZ218   21.80  54.912    3.278  1   0     0    0  Anthorn, United Kingdom
GBZ219   21.90  54.912    3.278  1   0     0    0  Anthorn, United Kingdom
GBZ220   22.00  54.912    3.278  1   0     0    0  Anthorn, United Kingdom
GBZ221   22.10  54.912    3.278  1   0     0    0  Anthorn, United Kingdom
GBZ222   22.20  54.912    3.278  1   0     0    0  Anthorn, United Kingdom
GBZ223   22.30  54.912    3.278  1   0     0    0  Anthorn, United Kingdom
GBZ224   22.40  54.912    3.278  1   0     0    0  Anthorn, United Kingdom
GBZ225   22.50  54.912    3.278  1   0     0    0  Anthorn, United Kingdom
GBZ226   22.60  54.912    3.278  1   0     0    0  Anthorn, United Kingdom
GBZ227   22.70  54.912    3.278  1   0     0    0  Anthorn, United Kingdom
GBZ228   22.80  54.912    3.278  1   0     0    0  Anthorn, United Kingdom
GBZ229   22.90  54.912    3.278  1   0     0    0  Anthorn, United Kingdom
GBZ230   23.00  54.912    3.278  1   0     0    0  Anthorn, United Kingdom
GBZ231   23.10  54.912    3.278  1   0     0    0  Anthorn, United Kingdom
GBZ232   23.20  54.912    3.278  1   0     0    0  Anthorn, United Kingdom
GBZ233   23.30  54.912    3.278  1   0     0    0  Anthorn, United Kingdom
GBZ234   23.40  54.912    3.278  1   0     0    0  Anthorn, United Kingdom
GBZ235   23.50  54.912    3.278  1   0     0    0  Anthorn, United Kingdom
GBZ236   23.60  54.912    3.278  1   0     0    0  Anthorn, United Kingdom
GBZ237   23.70  54.912    3.278  1   0     0    0  Anthorn, United Kingdom
GBZ238   23.80  54.912    3.278  1   0     0    0  Anthorn, United Kingdom
GBZ239   23.90  54.912    3.278  1   0     0    0  Anthorn, United Kingdom
GBZ240   24.00  54.912    3.278  1   0     0    0  Anthorn, United Kingdom
GBZ241   24.10  54.912    3.278  1   0     0    0  Anthorn, United Kingdom
GBZ242   24.20  54.912    3.278  1   0     0    0  Anthorn, United Kingdom
GBZ243   24.30  54.912    3.278  1   0     0    0  Anthorn, United Kingdom
GBZ244   24.40  54.912    3.278  1   0     0    0  Anthorn, United Kingdom
GBZ245   24.50  54.912    3.278  1   0     0    0  Anthorn, United Kingdom
GBZ246   24.60  54.912    3.278  1   0     0    0  Anthorn, United Kingdom
GBZ247   24.70  54.912    3.278  1   0     0    0  Anthorn, United Kingdom
GBZ248   24.80  54.912    3.278  1   0     0    0  Anthorn, United Kingdom
GBZ249   24.90  54.912    3.278  1   0     0    0  Anthorn, United Kingdom
GBZ250   25.00  54.912    3.278  1   0     0    0  Anthorn, United Kingdom
GBZ251   25.10  54.912    3.278  1   0     0    0  Anthorn, United Kingdom
GBZ252   25.20  54.912    3.278  1   0     0    0  Anthorn, United Kingdom
GBZ253   25.30  54.912    3.278  1   0     0    0  Anthorn, United Kingdom
GBZ254   25.40  54.912    3.278  1   0     0    0  Anthorn, United Kingdom
GBZ255   25.50  54.912    3.278  1   0     0    0  Anthorn, United Kingdom
GBZ256   25.60  54.912    3.278  1   0     0    0  Anthorn, United Kingdom
GBZ257   25.70  54.912    3.278  1   0     0    0  Anthorn, United Kingdom
GBZ258   25.80  54.912    3.278  1   0     0    0  Anthorn, United Kingdom
GBZ259   25.90  54.912    3.278  1   0     0    0  Anthorn, United Kingdom
GBZ260   26.00  54.912    3.278  1   0     0    0  Anthorn, United Kingdom
GBZ261   26.10  54.912    3.278  1   0     0    0  Anthorn, United Kingdom
GBZ262   26.20  54.912    3.278  1   0     0    0  Anthorn, United Kingdom
GBZ263   26.30  54.912    3.278  1   0     0    0  Anthorn, United Kingdom
GBZ264   26.40  54.912    3.278  1   0     0    0  Anthorn, United Kingdom
GBZ265   26.50  54.912    3.278  1   0     0    0  Anthorn, United Kingdom
GBZ266   26.60  54.912    3.278  1   0     0    0  Anthorn, United Kingdom
GBZ267   26.70  54.912    3.278  1   0     0    0  Anthorn, United Kingdom
GBZ268   26.80  54.912    3.278  1   0     0    0  Anthorn, United Kingdom
GBZ269   26.90  54.912    3.278  1   0     0    0  Anthorn, United Kingdom
GBZ270   27.00  54.912    3.278  1   0     0    0  Anthorn, United Kingdom
GBZ271   27.10  54.912    3.278  1   0     0    0  Anthorn, United Kingdom
GBZ272   27.20  54.912    3.278  1   0     0    0  Anthorn, United Kingdom
GBZ273   27.30  54.912    3.278  1   0     0    0  Anthorn, United Kingdom
GBZ274   27.40  54.912    3.278  1   0     0    0  Anthorn, United Kingdom
GBZ275   27.50  54.912    3.278  1   0     0    0  Anthorn, United Kingdom
GBZ276   27.60  54.912    3.278  1   0     0    0  Anthorn, United Kingdom
GBZ277   27.70  54.912    3.278  1   0     0    0  Anthorn, United Kingdom
GBZ278   27.80  54.912    3.278  1   0     0    0  Anthorn, United Kingdom
GBZ279   27.90  54.912    3.278  1   0     0    0  Anthorn, United Kingdom
GBZ280   28.00  54.912    3.278  1   0     0    0  Anthorn, United Kingdom
GBZ281   28.10  54.912    3.278  1   0     0    0  Anthorn, United Kingdom
GBZ282   28.20  54.912    3.278  1   0     0    0  Anthorn, United Kingdom
GBZ283   28.30  54.912    3.278  1   0     0    0  Anthorn, United Kingdom
GBZ284   28.40  54.912    3.278  1   0     0    0  Anthorn, United Kingdom
GBZ285   28.50  54.912    3.278  1   0     0    0  Anthorn, United Kingdom
GBZ286   28.60  54.912    3.278  1   0     0    0  Anthorn, United Kingdom
GBZ287   28.70  54.912    3.278  1   0     0    0  Anthorn, United Kingdom
GBZ288   28.80  54.912    3.278  1   0     0    0  Anthorn, United Kingdom
GBZ289   28.90  54.912    3.278  1   0     0    0  Anthorn, United Kingdom
GBZ290   29.00  54.912    3.278  1   0     0    0  Anthorn, United Kingdom
GBZ291   29.10  54.912    3.278  1   0     0    0  Anthorn, United Kingdom
GBZ292   29.20  54.912    3.278  1   0     0    0  Anthorn, United Kingdom
GBZ293   29.30  54.912    3.278  1   0     0    0  Anthorn, United Kingdom
GBZ294   29.40  54.912    3.278  1   0     0    0  Anthorn, United Kingdom
GBZ295   29.50  54.912    3.278  1   0     0    0  Anthorn, United Kingdom
GBZ296   29.60  54.912    3.278  1   0     0    0  Anthorn, United Kingdom
GBZ297   29.70  54.912    3.278  1   0     0    0  Anthorn, United Kingdom
GBZ298   29.80  54.912    3.278  1   0     0    0  Anthorn, United Kingdom
GBZ299   29.90  54.912    3.278  1   0     0    0  Anthorn, United Kingdom
GBZ300   30.00  54.912    3.278  1   0     0    0  Anthorn, United Kingdom
NWC080    8.00 -21.816 -114.166  1   0     0    0  Harold E. Holt, Australia
NWC081    8.10 -21.816 -114.166  1   0     0    0  Harold E. Holt, Australia
NWC082    8.20 -21.816 -114.166  1   0     0    0  Harold E. Holt, Australia
NWC083    8.30 -21.816 -114.166  1   0     0    0  Harold E. Holt, Australia
NWC084    8.40 -21.816 -114.166  1   0     0    0  Harold E. Holt, Australia
NWC085    8.50 -21.816 -114.166  1   0     0    0  Harold E. Holt, Australia
NWC086    8.60 -21.816 -114.166  1   0     0    0  Harold E. Holt, Australia
NWC087    8.70 -21.816 -114.166  1   0     0    0  Harold E. Holt, Australia
NWC088    8.80 -21.816 -114.166  1   0     0    0  Harold E. Holt, Australia
NWC089    8.90 -21.816 -114.166  1   0     0    0  Harold E. Holt, Australia
NWC090    9.00 -21.816 -114.166  1   0     0    0  Harold E. Holt, Australia
NWC091    9.10 -21.816 -114.166  1   0     0    0  Harold E. Holt, Australia
NWC092    9.20 -21.816 -114.166  1   0     0    0  Harold E. Holt, Australia
NWC093    9.30 -21.816 -114.166  1   0     0    0  Harold E. Holt, Australia
NWC094    9.40 -21.816 -114.166  1   0     0    0  Harold E. Holt, Australia
NWC095    9.50 -21.816 -114.166  1   0     0    0  Harold E. Holt, Australia
NWC096    9.60 -21.816 -114.166  1   0     0    0  Harold E. Holt, Australia
NWC097    9.70 -21.816 -114.166  1   0     0    0  Harold E. Holt, Australia
NWC098    9.80 -21.816 -114.166  1   0     0    0  Harold E. Holt, Australia
NWC099    9.90 -21.816 -114.166  1   0     0    0  Harold E. Holt, Australia
NWC100   10.00 -21.816 -114.166  1   0     0    0  Harold E. Holt, Australia
NWC101   10.10 -21.816 -114.166  1   0     0    0  Harold E. Holt, Australia
NWC102   10.20 -21.816 -114.166  1   0     0    0  Harold E. Holt, Australia
NWC103   10.30 -21.816 -114.166  1   0     0    0  Harold E. Holt, Australia
NWC104   10.40 -21.816 -114.166  1   0     0    0  Harold E. Holt, Australia
NWC105   10.50 -21.816 -114.166  1   0     0    0  Harold E. Holt, Australia
NWC106   10.60 -21.816 -114.166  1   0     0    0  Harold E. Holt, Australia
NWC107   10.70 -21.816 -114.166  1   0     0    0  Harold E. Holt, Australia
NWC108   10.80 -21.816 -114.166  1   0     0    0  Harold E. Holt, Australia
NWC109   10.90 -21.816 -114.166  1   0     0    0  Harold E. Holt, Australia
NWC110   11.00 -21.816 -114.166  1   0     0    0  Harold E. Holt, Australia
NWC111   11.10 -21.816 -114.166  1   0     0    0  Harold E. Holt, Australia
NWC112   11.20 -21.816 -114.166  1   0     0    0  Harold E. Holt, Australia
NWC113   11.30 -21.816 -114.166  1   0     0    0  Harold E. Holt, Australia
NWC114   11.40 -21.816 -114.166  1   0     0    0  Harold E. Holt, Australia
NWC115   11.50 -21.816 -114.166  1   0     0    0  Harold E. Holt, Australia
NWC116   11.60 -21.816 -114.166  1   0     0    0  Harold E. Holt, Australia
NWC117   11.70 -21.816 -114.166  1   0     0    0  Harold E. Holt, Australia
NWC118   11.80 -21.816 -114.166  1   0     0    0  Harold E. Holt, Australia
NWC119   11.90 -21.816 -114.166  1   0     0    0  Harold E. Holt, Australia
NWC120   12.00 -21.816 -114.166  1   0     0    0  Harold E. Holt, Australia
NWC121   12.10 -21.816 -114.166  1   0     0    0  Harold E. Holt, Australia
NWC122   12.20 -21.816 -114.166  1   0     0    0  Harold E. Holt, Australia
NWC123   12.30 -21.816 -114.166  1   0     0    0  Harold E. Holt, Australia
NWC124   12.40 -21.816 -114.166  1   0     0    0  Harold E. Holt, Australia
NWC125   12.50 -21.816 -114.166  1   0     0    0  Harold E. Holt, Australia
NWC126   12.60 -21.816 -114.166  1   0     0    0  Harold E. Holt, Australia
NWC127   12.70 -21.816 -114.166  1   0     0    0  Harold E. Holt, Australia
NWC128   12.80 -21.816 -114.166  1   0     0    0  Harold E. Holt, Australia
NWC129   12.90 -21.816 -114.166  1   0     0    0  Harold E. Holt, Australia
NWC130   13.00 -21.816 -114.166  1   0     0    0  Harold E. Holt, Australia
NWC131   13.10 -21.816 -114.166  1   0     0    0  Harold E. Holt, Australia
NWC132   13.20 -21.816 -114.166  1   0     0    0  Harold E. Holt, Australia
NWC133   13.30 -21.816 -114.166  1   0     0    0  Harold E. Holt, Australia
NWC134   13.40 -21.816 -114.166  1   0     0    0  Harold E. Holt, Australia
NWC135   13.50 -21.816 -114.166  1   0     0    0  Harold E. Holt, Australia
NWC136   13.60 -21.816 -114.166  1   0     0    0  Harold E. Holt, Australia
NWC137   13.70 -21.816 -114.166  1   0     0    0  Harold E. Holt, Australia
NWC138   13.80 -21.816 -114.166  1   0     0    0  Harold E. Holt, Australia
NWC139   13.90 -21.816 -114.166  1   0     0    0  Harold E. Holt, Australia
NWC140   14.00 -21.816 -114.166  1   0     0    0  Harold E. Holt, Australia
NWC141   14.10 -21.816 -114.166  1   0     0    0  Harold E. Holt, Australia
NWC142   14.20 -21.816 -114.166  1   0     0    0  Harold E. Holt, Australia
NWC143   14.30 -21.816 -114.166  1   0     0    0  Harold E. Holt, Australia
NWC144   14.40 -21.816 -114.166  1   0     0    0  Harold E. Holt, Australia
NWC145   14.50 -21.816 -114.166  1   0     0    0  Harold E. Holt, Australia
NWC146   14.60 -21.816 -114.166  1   0     0    0  Harold E. Holt, Australia
NWC147   14.70 -21.816 -114.166  1   0     0    0  Harold E. Holt, Australia
NWC148   14.80 -21.816 -114.166  1   0     0    0  Harold E. Holt, Australia
NWC149   14.90 -21.816 -114.166  1   0     0    0  Harold E. Holt, Australia
NWC150   15.00 -21.816 -114.166  1   0     0    0  Harold E. Holt, Australia
NWC151   15.10 -21.816 -114.166  1   0     0    0  Harold E. Holt, Australia
NWC152   15.20 -21.816 -114.166  1   0     0    0  Harold E. Holt, Australia
NWC153   15.30 -21.816 -114.166  1   0     0    0  Harold E. Holt, Australia
NWC154   15.40 -21.816 -114.166  1   0     0    0  Harold E. Holt, Australia
NWC155   15.50 -21.816 -114.166  1   0     0    0  Harold E. Holt, Australia
NWC156   15.60 -21.816 -114.166  1   0     0    0  Harold E. Holt, Australia
NWC157   15.70 -21.816 -114.166  1   0     0    0  Harold E. Holt, Australia
NWC158   15.80 -21.816 -114.166  1   0     0    0  Harold E. Holt, Australia
NWC159   15.90 -21.816 -114.166  1   0     0    0  Harold E. Holt, Australia
NWC160   16.00 -21.816 -114.166  1   0     0    0  Harold E. Holt, Australia
NWC161   16.10 -21.816 -114.166  1   0     0    0  Harold E. Holt, Australia
NWC162   16.20 -21.816 -114.166  1   0     0    0  Harold E. Holt, Australia
NWC163   16.30 -21.816 -114.166  1   0     0    0  Harold E. Holt, Australia
NWC164   16.40 -21.816 -114.166  1   0     0    0  Harold E. Holt, Australia
NWC165   16.50 -21.816 -114.166  1   0     0    0  Harold E. Holt, Australia
NWC166   16.60 -21.816 -114.166  1   0     0    0  Harold E. Holt, Australia
NWC167   16.70 -21.816 -114.166  1   0     0    0  Harold E. Holt, Australia
NWC168   16.80 -21.816 -114.166  1   0     0    0  Harold E. Holt, Australia
NWC169   16.90 -21.816 -114.166  1   0     0    0  Harold E. Holt, Australia
NWC170   17.00 -21.816 -114.166  1   0     0    0  Harold E. Holt, Australia
NWC171   17.10 -21.816 -114.166  1   0     0    0  Harold E. Holt, Australia
NWC172   17.20 -21.816 -114.166  1   0     0    0  Harold E. Holt, Australia
NWC173   17.30 -21.816 -114.166  1   0     0    0  Harold E. Holt, Australia
NWC174   17.40 -21.816 -114.166  1   0     0    0  Harold E. Holt, Australia
NWC175   17.50 -21.816 -114.166  1   0     0    0  Harold E. Holt, Australia
NWC176   17.60 -21.816 -114.166  1   0     0    0  Harold E. Holt, Australia
NWC177   17.70 -21.816 -114.166  1   0     0    0  Harold E. Holt, Australia
NWC178   17.80 -21.816 -114.166  1   0     0    0  Harold E. Holt, Australia
NWC179   17.90 -21.816 -114.166  1   0     0    0  Harold E. Holt, Australia
NWC180   18.00 -21.816 -114.166  1   0     0    0  Harold E. Holt, Australia
NWC181   18.10 -21.816 -114.166  1   0     0    0  Harold E. Holt, Australia
NWC182   18.20 -21.816 -114.166  1   0     0    0  Harold E. Holt, Australia
NWC183   18.30 -21.816 -114.166  1   0     0    0  Harold E. Holt, Australia
NWC184   18.40 -21.816 -114.166  1   0     0    0  Harold E. Holt, Australia
NWC185   18.50 -21.816 -114.166  1   0     0    0  Harold E. Holt, Australia
NWC186   18.60 -21.816 -114.166  1   0     0    0  Harold E. Holt, Australia
NWC187   18.70 -21.816 -114.166  1   0     0    0  Harold E. Holt, Australia
NWC188   18.80 -21.816 -114.166  1   0     0    0  Harold E. Holt, Australia
NWC189   18.90 -21.816 -114.166  1   0     0    0  Harold E. Holt, Australia
NWC190   19.00 -21.816 -114.166  1   0     0    0  Harold E. Holt, Australia
NWC191   19.10 -21.816 -114.166  1   0     0    0  Harold E. Holt, Australia
NWC192   19.20 -21.816 -114.166  1   0     0    0  Harold E. Holt, Australia
NWC193   19.30 -21.816 -114.166  1   0     0    0  Harold E. Holt, Australia
NWC194   19.40 -21.816 -114.166  1   0     0    0  Harold E. Holt, Australia
NWC195   19.50 -21.816 -114.166  1   0     0    0  Harold E. Holt, Australia
NWC196   19.60 -21.816 -114.166  1   0     0    0  Harold E. Holt, Australia
NWC197   19.70 -21.816 -114.166  1   0     0    0  Harold E. Holt, Australia
NWC198   19.80 -21.816 -114.166  1   0     0    0  Harold E. Holt, Australia
NWC199   19.90 -21.816 -114.166  1   0     0    0  Harold E. Holt, Australia
NWC200   20.00 -21.816 -114.166  1   0     0    0  Harold E. Holt, Australia
NWC201   20.10 -21.816 -114.166  1   0     0    0  Harold E. Holt, Australia
NWC202   20.20 -21.816 -114.166  1   0     0    0  Harold E. Holt, Australia
NWC203   20.30 -21.816 -114.166  1   0     0    0  Harold E. Holt, Australia
NWC204   20.40 -21.816 -114.166  1   0     0    0  Harold E. Holt, Australia
NWC205   20.50 -21.816 -114.166  1   0     0    0  Harold E. Holt, Australia
NWC206   20.60 -21.816 -114.166  1   0     0    0  Harold E. Holt, Australia
NWC207   20.70 -21.816 -114.166  1   0     0    0  Harold E. Holt, Australia
NWC208   20.80 -21.816 -114.166  1   0     0    0  Harold E. Holt, Australia
NWC209   20.90 -21.816 -114.166  1   0     0    0  Harold E. Holt, Australia
NWC210   21.00 -21.816 -114.166  1   0     0    0  Harold E. Holt, Australia
NWC211   21.10 -21.816 -114.166  1   0     0    0  Harold E. Holt, Australia
NWC212   21.20 -21.816 -114.166  1   0     0    0  Harold E. Holt, Australia
NWC213   21.30 -21.816 -114.166  1   0     0    0  Harold E. Holt, Australia
NWC214   21.40 -21.816 -114.166  1   0     0    0  Harold E. Holt, Australia
NWC215   21.50 -21.816 -114.166  1   0     0    0  Harold E. Holt, Australia
NWC216   21.60 -21.816 -114.166  1   0     0    0  Harold E. Holt, Australia
NWC217   21.70 -21.816 -114.166  1   0     0    0  Harold E. Holt, Australia
NWC218   21.80 -21.816 -114.166  1   0     0    0  Harold E. Holt, Australia
NWC219   21.90 -21.816 -114.166  1   0     0    0  Harold E. Holt, Australia
NWC220   22.00 -21.816 -114.166  1   0     0    0  Harold E. Holt, Australia
NWC221   22.10 -21.816 -114.166  1   0     0    0  Harold E. Holt, Australia
NWC222   22.20 -21.816 -114.166  1   0     0    0  Harold E. Holt, Australia
NWC223   22.30 -21.816 -114.166  1   0     0    0  Harold E. Holt, Australia
NWC224   22.40 -21.816 -114.166  1   0     0    0  Harold E. Holt, Australia
NWC225   22.50 -21.816 -114.166  1   0     0    0  Harold E. Holt, Australia
NWC226   22.60 -21.816 -114.166  1   0     0    0  Harold E. Holt, Australia
NWC227   22.70 -21.816 -114.166  1   0     0    0  Harold E. Holt, Australia
NWC228   22.80 -21.816 -114.166  1   0     0    0  Harold E. Holt, Australia
NWC229   22.90 -21.816 -114.166  1   0     0    0  Harold E. Holt, Australia
NWC230   23.00 -21.816 -114.166  1   0     0    0  Harold E. Holt, Australia
NWC231   23.10 -21.816 -114.166  1   0     0    0  Harold E. Holt, Australia
NWC232   23.20 -21.816 -114.166  1   0     0    0  Harold E. Holt, Australia
NWC233   23.30 -21.816 -114.166  1   0     0    0  Harold E. Holt, Australia
NWC234   23.40 -21.816 -114.166  1   0     0    0  Harold E. Holt, Australia
NWC235   23.50 -21.816 -114.166  1   0     0    0  Harold E. Holt, Australia
NWC236   23.60 -21.816 -114.166  1   0     0    0  Harold E. Holt, Australia
NWC237   23.70 -21.816 -114.166  1   0     0    0  Harold E. Holt, Australia
NWC238   23.80 -21.816 -114.166  1   0     0    0  Harold E. Holt, Australia
NWC239   23.90 -21.816 -114.166  1   0     0    0  Harold E. Holt, Australia
NWC240   24.00 -21.816 -114.166  1   0     0    0  Harold E. Holt, Australia
NWC241   24.10 -21.816 -114.166  1   0     0    0  Harold E. Holt, Australia
NWC242   24.20 -21.816 -114.166  1   0     0    0  Harold E. Holt, Australia
NWC243   24.30 -21.816 -114.166  1   0     0    0  Harold E. Holt, Australia
NWC244   24.40 -21.816 -114.166  1   0     0    0  Harold E. Holt, Australia
NWC245   24.50 -21.816 -114.166  1   0     0    0  Harold E. Holt, Australia
NWC246   24.60 -21.816 -114.166  1   0     0    0  Harold E. Holt, Australia
NWC247   24.70 -21.816 -114.166  1   0     0    0  Harold E. Holt, Australia
NWC248   24.80 -21.816 -114.166  1   0     0    0  Harold E. Holt, Australia
NWC249   24.90 -21.816 -114.166  1   0     0    0  Harold E. Holt, Australia
NWC250   25.00 -21.816 -114.166  1   0     0    0  Harold E. Holt, Australia
NWC251   25.10 -21.816 -114.166  1   0     0    0  Harold E. Holt, Australia
NWC252   25.20 -21.816 -114.166  1   0     0    0  Harold E. Holt, Australia
NWC253   25.30 -21.816 -114.166  1   0     0    0  Harold E. Holt, Australia
NWC254   25.40 -21.816 -114.166  1   0     0    0  Harold E. Holt, Australia
NWC255   25.50 -21.816 -114.166  1   0     0    0  Harold E. Holt, Australia
NWC256   25.60 -21.816 -114.166  1   0     0    0  Harold E. Holt, Australia
NWC257   25.70 -21.816 -114.166  1   0     0    0  Harold E. Holt, Australia
NWC258   25.80 -21.816 -114.166  1   0     0    0  Harold E. Holt, Australia
NWC259   25.90 -21.816 -114.166  1   0     0    0  Harold E. Holt, Australia
NWC260   26.00 -21.816 -114.166  1   0     0    0  Harold E. Holt, Australia
NWC261   26.10 -21.816 -114.166  1   0     0    0  Harold E. Holt, Australia
NWC262   26.20 -21.816 -114.166  1   0     0    0  Harold E. Holt, Australia
NWC263   26.30 -21.816 -114.166  1   0     0    0  Harold E. Holt, Australia
NWC264   26.40 -21.816 -114.166  1   0     0    0  Harold E. Holt, Australia
NWC265   26.50 -21.816 -114.166  1   0     0    0  Harold E. Holt, Australia
NWC266   26.60 -21.816 -114.166  1   0     0    0  Harold E. Holt, Australia
NWC267   26.70 -21.816 -114.166  1   0     0    0  Harold E. Holt, Australia
NWC268   26.80 -21.816 -114.166  1   0     0    0  Harold E. Holt, Australia
NWC269   26.90 -21.816 -114.166  1   0     0    0  Harold E. Holt, Australia
NWC270   27.00 -21.816 -114.166  1   0     0    0  Harold E. Holt, Australia
NWC271   27.10 -21.816 -114.166  1   0     0    0  Harold E. Holt, Australia
NWC272   27.20 -21.816 -114.166  1   0     0    0  Harold E. Holt, Australia
NWC273   27.30 -21.816 -114.166  1   0     0    0  Harold E. Holt, Australia
NWC274   27.40 -21.816 -114.166  1   0     0    0  Harold E. Holt, Australia
NWC275   27.50 -21.816 -114.166  1   0     0    0  Harold E. Holt, Australia
NWC276   27.60 -21.816 -114.166  1   0     0    0  Harold E. Holt, Australia
NWC277   27.70 -21.816 -114.166  1   0     0    0  Harold E. Holt, Australia
NWC278   27.80 -21.816 -114.166  1   0     0    0  Harold E. Holt, Australia
NWC279   27.90 -21.816 -114.166  1   0     0    0  Harold E. Holt, Australia
NWC280   28.00 -21.816 -114.166  1   0     0    0  Harold E. Holt, Australia
NWC281   28.10 -21.816 -114.166  1   0     0    0  Harold E. Holt, Australia
NWC282   28.20 -21.816 -114.166  1   0     0    0  Harold E. Holt, Australia
NWC283   28.30 -21.816 -114.166  1   0     0    0  Harold E. Holt, Australia
NWC284   28.40 -21.816 -114.166  1   0     0    0  Harold E. Holt, Australia
NWC285   28.50 -21.816 -114.166  1   0     0    0  Harold E. Holt, Australia
NWC286   28.60 -21.816 -114.166  1   0     0    0  Harold E. Holt, Australia
NWC287   28.70 -21.816 -114.166  1   0     0    0  Harold E. Holt, Australia
NWC288   28.80 -21.816 -114.166  1   0     0    0  Harold E. Holt, Australia
NWC289   28.90 -21.816 -114.166  1   0     0    0  Harold E. Holt, Australia
NWC290   29.00 -21.816 -114.166  1   0     0    0  Harold E. Holt, Australia
NWC291   29.10 -21.816 -114.166  1   0     0    0  Harold E. Holt, Australia
NWC292   29.20 -21.816 -114.166  1   0     0    0  Harold E. Holt, Australia
NWC293   29.30 -21.816 -114.166  1   0     0    0  Harold E. Holt, Australia
NWC294   29.40 -21.816 -114.166  1   0     0    0  Harold E. Holt, Australia
NWC295   29.50 -21.816 -114.166  1   0     0    0  Harold E. Holt, Australia
NWC296   29.60 -21.816 -114.166  1   0     0    0  Harold E. Holt, Australia
NWC297   29.70 -21.816 -114.166  1   0     0    0  Harold E. Holt, Australia
NWC298   29.80 -21.816 -114.166  1   0     0    0  Harold E. Holt, Australia
NWC299   29.90 -21.816 -114.166  1   0     0    0  Harold E. Holt, Australia
NWC300   30.00 -21.816 -114.166  1   0     0    0  Harold E. Holt, Australia
OMEGA_A080    8.00  66.420  -13.137  1   0     0    0  OMEGA A (Bratland, Norway)
OMEGA_A081    8.10  66.420  -13.137  1   0     0    0  OMEGA A (Bratland, Norway)
OMEGA_A082    8.20  66.420  -13.137  1   0     0    0  OMEGA A (Bratland, Norway)
OMEGA_A083    8.30  66.420  -13.137  1   0     0    0  OMEGA A (Bratland, Norway)
OMEGA_A084    8.40  66.420  -13.137  1   0     0    0  OMEGA A (Bratland, Norway)
OMEGA_A085    8.50  66.420  -13.137  1   0     0    0  OMEGA A (Bratland, Norway)
OMEGA_A086    8.60  66.420  -13.137  1   0     0    0  OMEGA A (Bratland, Norway)
OMEGA_A087    8.70  66.420  -13.137  1   0     0    0  OMEGA A (Bratland, Norway)
OMEGA_A088    8.80  66.420  -13.137  1   0     0    0  OMEGA A (Bratland, Norway)
OMEGA_A089    8.90  66.420  -13.137  1   0     0    0  OMEGA A (Bratland, Norway)
OMEGA_A090    9.00  66.420  -13.137  1   0     0    0  OMEGA A (Bratland, Norway)
OMEGA_A091    9.10  66.420  -13.137  1   0     0    0  OMEGA A (Bratland, Norway)
OMEGA_A092    9.20  66.420  -13.137  1   0     0    0  OMEGA A (Bratland, Norway)
OMEGA_A093    9.30  66.420  -13.137  1   0     0    0  OMEGA A (Bratland, Norway)
OMEGA_A094    9.40  66.420  -13.137  1   0     0    0  OMEGA A (Bratland, Norway)
OMEGA_A095    9.50  66.420  -13.137  1   0     0    0  OMEGA A (Bratland, Norway)
OMEGA_A096    9.60  66.420  -13.137  1   0     0    0  OMEGA A (Bratland, Norway)
OMEGA_A097    9.70  66.420  -13.137  1   0     0    0  OMEGA A (Bratland, Norway)
OMEGA_A098    9.80  66.420  -13.137  1   0     0    0  OMEGA A (Bratland, Norway)
OMEGA_A099    9.90  66.420  -13.137  1   0     0    0  OMEGA A (Bratland, Norway)
OMEGA_A100   10.00  66.420  -13.137  1   0     0    0  OMEGA A (Bratland, Norway)
OMEGA_A101   10.10  66.420  -13.137  1   0     0    0  OMEGA A (Bratland, Norway)
OMEGA_A102   10.20  66.420  -13.137  1   0     0    0  OMEGA A (Bratland, Norway)
OMEGA_A103   10.30  66.420  -13.137  1   0     0    0  OMEGA A (Bratland, Norway)
OMEGA_A104   10.40  66.420  -13.137  1   0     0    0  OMEGA A (Bratland, Norway)
OMEGA_A105   10.50  66.420  -13.137  1   0     0    0  OMEGA A (Bratland, Norway)
OMEGA_A106   10.60  66.420  -13.137  1   0     0    0  OMEGA A (Bratland, Norway)
OMEGA_A107   10.70  66.420  -13.137  1   0     0    0  OMEGA A (Bratland, Norway)
OMEGA_A108   10.80  66.420  -13.137  1   0     0    0  OMEGA A (Bratland, Norway)
OMEGA_A109   10.90  66.420  -13.137  1   0     0    0  OMEGA A (Bratland, Norway)
OMEGA_A110   11.00  66.420  -13.137  1   0     0    0  OMEGA A (Bratland, Norway)
OMEGA_A111   11.10  66.420  -13.137  1   0     0    0  OMEGA A (Bratland, Norway)
OMEGA_A112   11.20  66.420  -13.137  1   0     0    0  OMEGA A (Bratland, Norway)
OMEGA_A113   11.30  66.420  -13.137  1   0     0    0  OMEGA A (Bratland, Norway)
OMEGA_A114   11.40  66.420  -13.137  1   0     0    0  OMEGA A (Bratland, Norway)
OMEGA_A115   11.50  66.420  -13.137  1   0     0    0  OMEGA A (Bratland, Norway)
OMEGA_A116   11.60  66.420  -13.137  1   0     0    0  OMEGA A (Bratland, Norway)
OMEGA_A117   11.70  66.420  -13.137  1   0     0    0  OMEGA A (Bratland, Norway)
OMEGA_A118   11.80  66.420  -13.137  1   0     0    0  OMEGA A (Bratland, Norway)
OMEGA_A119   11.90  66.420  -13.137  1   0     0    0  OMEGA A (Bratland, Norway)
OMEGA_A120   12.00  66.420  -13.137  1   0     0    0  OMEGA A (Bratland, Norway)
OMEGA_A121   12.10  66.420  -13.137  1   0     0    0  OMEGA A (Bratland, Norway)
OMEGA_A122   12.20  66.420  -13.137  1   0     0    0  OMEGA A (Bratland, Norway)
OMEGA_A123   12.30  66.420  -13.137  1   0     0    0  OMEGA A (Bratland, Norway)
OMEGA_A124   12.40  66.420  -13.137  1   0     0    0  OMEGA A (Bratland, Norway)
OMEGA_A125   12.50  66.420  -13.137  1   0     0    0  OMEGA A (Bratland, Norway)
OMEGA_A126   12.60  66.420  -13.137  1   0     0    0  OMEGA A (Bratland, Norway)
OMEGA_A127   12.70  66.420  -13.137  1   0     0    0  OMEGA A (Bratland, Norway)
OMEGA_A128   12.80  66.420  -13.137  1   0     0    0  OMEGA A (Bratland, Norway)
OMEGA_A129   12.90  66.420  -13.137  1   0     0    0  OMEGA A (Bratland, Norway)
OMEGA_A130   13.00  66.420  -13.137  1   0     0    0  OMEGA A (Bratland, Norway)
OMEGA_A131   13.10  66.420  -13.137  1   0     0    0  OMEGA A (Bratland, Norway)
OMEGA_A132   13.20  66.420  -13.137  1   0     0    0  OMEGA A (Bratland, Norway)
OMEGA_A133   13.30  66.420  -13.137  1   0     0    0  OMEGA A (Bratland, Norway)
OMEGA_A134   13.40  66.420  -13.137  1   0     0    0  OMEGA A (Bratland, Norway)
OMEGA_A135   13.50  66.420  -13.137  1   0     0    0  OMEGA A (Bratland, Norway)
OMEGA_A136   13.60  66.420  -13.137  1   0     0    0  OMEGA A (Bratland, Norway)
OMEGA_A137   13.70  66.420  -13.137  1   0     0    0  OMEGA A (Bratland, Norway)
OMEGA_A138   13.80  66.420  -13.137  1   0     0    0  OMEGA A (Bratland, Norway)
OMEGA_A139   13.90  66.420  -13.137  1   0     0    0  OMEGA A (Bratland, Norway)
OMEGA_A140   14.00  66.420  -13.137  1   0     0    0  OMEGA A (Bratland, Norway)
OMEGA_A141   14.10  66.420  -13.137  1   0     0    0  OMEGA A (Bratland, Norway)
OMEGA_A142   14.20  66.420  -13.137  1   0     0    0  OMEGA A (Bratland, Norway)
OMEGA_A143   14.30  66.420  -13.137  1   0     0    0  OMEGA A (Bratland, Norway)
OMEGA_A144   14.40  66.420  -13.137  1   0     0    0  OMEGA A (Bratland, Norway)
OMEGA_A145   14.50  66.420  -13.137  1   0     0    0  OMEGA A (Bratland, Norway)
OMEGA_A146   14.60  66.420  -13.137  1   0     0    0  OMEGA A (Bratland, Norway)
OMEGA_A147   14.70  66.420  -13.137  1   0     0    0  OMEGA A (Bratland, Norway)
OMEGA_A148   14.80  66.420  -13.137  1   0     0    0  OMEGA A (Bratland, Norway)
OMEGA_A149   14.90  66.420  -13.137  1   0     0    0  OMEGA A (Bratland, Norway)
OMEGA_A150   15.00  66.420  -13.137  1   0     0    0  OMEGA A (Bratland, Norway)
OMEGA_A151   15.10  66.420  -13.137  1   0     0    0  OMEGA A (Bratland, Norway)
OMEGA_A152   15.20  66.420  -13.137  1   0     0    0  OMEGA A (Bratland, Norway)
OMEGA_A153   15.30  66.420  -13.137  1   0     0    0  OMEGA A (Bratland, Norway)
OMEGA_A154   15.40  66.420  -13.137  1   0     0    0  OMEGA A (Bratland, Norway)
OMEGA_A155   15.50  66.420  -13.137  1   0     0    0  OMEGA A (Bratland, Norway)
OMEGA_A156   15.60  66.420  -13.137  1   0     0    0  OMEGA A (Bratland, Norway)
OMEGA_A157   15.70  66.420  -13.137  1   0     0    0  OMEGA A (Bratland, Norway)
OMEGA_A158   15.80  66.420  -13.137  1   0     0    0  OMEGA A (Bratland, Norway)
OMEGA_A159   15.90  66.420  -13.137  1   0     0    0  OMEGA A (Bratland, Norway)
OMEGA_A160   16.00  66.420  -13.137  1   0     0    0  OMEGA A (Bratland, Norway)
OMEGA_A161   16.10  66.420  -13.137  1   0     0    0  OMEGA A (Bratland, Norway)
OMEGA_A162   16.20  66.420  -13.137  1   0     0    0  OMEGA A (Bratland, Norway)
OMEGA_A163   16.30  66.420  -13.137  1   0     0    0  OMEGA A (Bratland, Norway)
OMEGA_A164   16.40  66.420  -13.137  1   0     0    0  OMEGA A (Bratland, Norway)
OMEGA_A165   16.50  66.420  -13.137  1   0     0    0  OMEGA A (Bratland, Norway)
OMEGA_A166   16.60  66.420  -13.137  1   0     0    0  OMEGA A (Bratland, Norway)
OMEGA_A167   16.70  66.420  -13.137  1   0     0    0  OMEGA A (Bratland, Norway)
OMEGA_A168   16.80  66.420  -13.137  1   0     0    0  OMEGA A (Bratland, Norway)
OMEGA_A169   16.90  66.420  -13.137  1   0     0    0  OMEGA A (Bratland, Norway)
OMEGA_A170   17.00  66.420  -13.137  1   0     0    0  OMEGA A (Bratland, Norway)
OMEGA_A171   17.10  66.420  -13.137  1   0     0    0  OMEGA A (Bratland, Norway)
OMEGA_A172   17.20  66.420  -13.137  1   0     0    0  OMEGA A (Bratland, Norway)
OMEGA_A173   17.30  66.420  -13.137  1   0     0    0  OMEGA A (Bratland, Norway)
OMEGA_A174   17.40  66.420  -13.137  1   0     0    0  OMEGA A (Bratland, Norway)
OMEGA_A175   17.50  66.420  -13.137  1   0     0    0  OMEGA A (Bratland, Norway)
OMEGA_A176   17.60  66.420  -13.137  1   0     0    0  OMEGA A (Bratland, Norway)
OMEGA_A177   17.70  66.420  -13.137  1   0     0    0  OMEGA A (Bratland, Norway)
OMEGA_A178   17.80  66.420  -13.137  1   0     0    0  OMEGA A (Bratland, Norway)
OMEGA_A179   17.90  66.420  -13.137  1   0     0    0  OMEGA A (Bratland, Norway)
OMEGA_A180   18.00  66.420  -13.137  1   0     0    0  OMEGA A (Bratland, Norway)
OMEGA_A181   18.10  66.420  -13.137  1   0     0    0  OMEGA A (Bratland, Norway)
OMEGA_A182   18.20  66.420  -13.137  1   0     0    0  OMEGA A (Bratland, Norway)
OMEGA_A183   18.30  66.420  -13.137  1   0     0    0  OMEGA A (Bratland, Norway)
OMEGA_A184   18.40  66.420  -13.137  1   0     0    0  OMEGA A (Bratland, Norway)
OMEGA_A185   18.50  66.420  -13.137  1   0     0    0  OMEGA A (Bratland, Norway)
OMEGA_A186   18.60  66.420  -13.137  1   0     0    0  OMEGA A (Bratland, Norway)
OMEGA_A187   18.70  66.420  -13.137  1   0     0    0  OMEGA A (Bratland, Norway)
OMEGA_A188   18.80  66.420  -13.137  1   0     0    0  OMEGA A (Bratland, Norway)
OMEGA_A189   18.90  66.420  -13.137  1   0     0    0  OMEGA A (Bratland, Norway)
OMEGA_A190   19.00  66.420  -13.137  1   0     0    0  OMEGA A (Bratland, Norway)
OMEGA_A191   19.10  66.420  -13.137  1   0     0    0  OMEGA A (Bratland, Norway)
OMEGA_A192   19.20  66.420  -13.137  1   0     0    0  OMEGA A (Bratland, Norway)
OMEGA_A193   19.30  66.420  -13.137  1   0     0    0  OMEGA A (Bratland, Norway)
OMEGA_A194   19.40  66.420  -13.137  1   0     0    0  OMEGA A (Bratland, Norway)
OMEGA_A195   19.50  66.420  -13.137  1   0     0    0  OMEGA A (Bratland, Norway)
OMEGA_A196   19.60  66.420  -13.137  1   0     0    0  OMEGA A (Bratland, Norway)
OMEGA_A197   19.70  66.420  -13.137  1   0     0    0  OMEGA A (Bratland, Norway)
OMEGA_A198   19.80  66.420  -13.137  1   0     0    0  OMEGA A (Bratland, Norway)
OMEGA_A199   19.90  66.420  -13.137  1   0     0    0  OMEGA A (Bratland, Norway)
OMEGA_A200   20.00  66.420  -13.137  1   0     0    0  OMEGA A (Bratland, Norway)
OMEGA_A201   20.10  66.420  -13.137  1   0     0    0  OMEGA A (Bratland, Norway)
OMEGA_A202   20.20  66.420  -13.137  1   0     0    0  OMEGA A (Bratland, Norway)
OMEGA_A203   20.30  66.420  -13.137  1   0     0    0  OMEGA A (Bratland, Norway)
OMEGA_A204   20.40  66.420  -13.137  1   0     0    0  OMEGA A (Bratland, Norway)
OMEGA_A205   20.50  66.420  -13.137  1   0     0    0  OMEGA A (Bratland, Norway)
OMEGA_A206   20.60  66.420  -13.137  1   0     0    0  OMEGA A (Bratland, Norway)
OMEGA_A207   20.70  66.420  -13.137  1   0     0    0  OMEGA A (Bratland, Norway)
OMEGA_A208   20.80  66.420  -13.137  1   0     0    0  OMEGA A (Bratland, Norway)
OMEGA_A209   20.90  66.420  -13.137  1   0     0    0  OMEGA A (Bratland, Norway)
OMEGA_A210   21.00  66.420  -13.137  1   0     0    0  OMEGA A (Bratland, Norway)
OMEGA_A211   21.10  66.420  -13.137  1   0     0    0  OMEGA A (Bratland, Norway)
OMEGA_A212   21.20  66.420  -13.137  1   0     0    0  OMEGA A (Bratland, Norway)
OMEGA_A213   21.30  66.420  -13.137  1   0     0    0  OMEGA A (Bratland, Norway)
OMEGA_A214   21.40  66.420  -13.137  1   0     0    0  OMEGA A (Bratland, Norway)
OMEGA_A215   21.50  66.420  -13.137  1   0     0    0  OMEGA A (Bratland, Norway)
OMEGA_A216   21.60  66.420  -13.137  1   0     0    0  OMEGA A (Bratland, Norway)
OMEGA_A217   21.70  66.420  -13.137  1   0     0    0  OMEGA A (Bratland, Norway)
OMEGA_A218   21.80  66.420  -13.137  1   0     0    0  OMEGA A (Bratland, Norway)
OMEGA_A219   21.90  66.420  -13.137  1   0     0    0  OMEGA A (Bratland, Norway)
OMEGA_A220   22.00  66.420  -13.137  1   0     0    0  OMEGA A (Bratland, Norway)
OMEGA_A221   22.10  66.420  -13.137  1   0     0    0  OMEGA A (Bratland, Norway)
OMEGA_A222   22.20  66.420  -13.137  1   0     0    0  OMEGA A (Bratland, Norway)
OMEGA_A223   22.30  66.420  -13.137  1   0     0    0  OMEGA A (Bratland, Norway)
OMEGA_A224   22.40  66.420  -13.137  1   0     0    0  OMEGA A (Bratland, Norway)
OMEGA_A225   22.50  66.420  -13.137  1   0     0    0  OMEGA A (Bratland, Norway)
OMEGA_A226   22.60  66.420  -13.137  1   0     0    0  OMEGA A (Bratland, Norway)
OMEGA_A227   22.70  66.420  -13.137  1   0     0    0  OMEGA A (Bratland, Norway)
OMEGA_A228   22.80  66.420  -13.137  1   0     0    0  OMEGA A (Bratland, Norway)
OMEGA_A229   22.90  66.420  -13.137  1   0     0    0  OMEGA A (Bratland, Norway)
OMEGA_A230   23.00  66.420  -13.137  1   0     0    0  OMEGA A (Bratland, Norway)
OMEGA_A231   23.10  66.420  -13.137  1   0     0    0  OMEGA A (Bratland, Norway)
OMEGA_A232   23.20  66.420  -13.137  1   0     0    0  OMEGA A (Bratland, Norway)
OMEGA_A233   23.30  66.420  -13.137  1   0     0    0  OMEGA A (Bratland, Norway)
OMEGA_A234   23.40  66.420  -13.137  1   0     0    0  OMEGA A (Bratland, Norway)
OMEGA_A235   23.50  66.420  -13.137  1   0     0    0  OMEGA A (Bratland, Norway)
OMEGA_A236   23.60  66.420  -13.137  1   0     0    0  OMEGA A (Bratland, Norway)
OMEGA_A237   23.70  66.420  -13.137  1   0     0    0  OMEGA A (Bratland, Norway)
OMEGA_A238   23.80  66.420  -13.137  1   0     0    0  OMEGA A (Bratland, Norway)
OMEGA_A239   23.90  66.420  -13.137  1   0     0    0  OMEGA A (Bratland, Norway)
OMEGA_A240   24.00  66.420  -13.137  1   0     0    0  OMEGA A (Bratland, Norway)
OMEGA_A241   24.10  66.420  -13.137  1   0     0    0  OMEGA A (Bratland, Norway)
OMEGA_A242   24.20  66.420  -13.137  1   0     0    0  OMEGA A (Bratland, Norway)
OMEGA_A243   24.30  66.420  -13.137  1   0     0    0  OMEGA A (Bratland, Norway)
OMEGA_A244   24.40  66.420  -13.137  1   0     0    0  OMEGA A (Bratland, Norway)
OMEGA_A245   24.50  66.420  -13.137  1   0     0    0  OMEGA A (Bratland, Norway)
OMEGA_A246   24.60  66.420  -13.137  1   0     0    0  OMEGA A (Bratland, Norway)
OMEGA_A247   24.70  66.420  -13.137  1   0     0    0  OMEGA A (Bratland, Norway)
OMEGA_A248   24.80  66.420  -13.137  1   0     0    0  OMEGA A (Bratland, Norway)
OMEGA_A249   24.90  66.420  -13.137  1   0     0    0  OMEGA A (Bratland, Norway)
OMEGA_A250   25.00  66.420  -13.137  1   0     0    0  OMEGA A (Bratland, Norway)
OMEGA_A251   25.10  66.420  -13.137  1   0     0    0  OMEGA A (Bratland, Norway)
OMEGA_A252   25.20  66.420  -13.137  1   0     0    0  OMEGA A (Bratland, Norway)
OMEGA_A253   25.30  66.420  -13.137  1   0     0    0  OMEGA A (Bratland, Norway)
OMEGA_A254   25.40  66.420  -13.137  1   0     0    0  OMEGA A (Bratland, Norway)
OMEGA_A255   25.50  66.420  -13.137  1   0     0    0  OMEGA A (Bratland, Norway)
OMEGA_A256   25.60  66.420  -13.137  1   0     0    0  OMEGA A (Bratland, Norway)
OMEGA_A257   25.70  66.420  -13.137  1   0     0    0  OMEGA A (Bratland, Norway)
OMEGA_A258   25.80  66.420  -13.137  1   0     0    0  OMEGA A (Bratland, Norway)
OMEGA_A259   25.90  66.420  -13.137  1   0     0    0  OMEGA A (Bratland, Norway)
OMEGA_A260   26.00  66.420  -13.137  1   0     0    0  OMEGA A (Bratland, Norway)
OMEGA_A261   26.10  66.420  -13.137  1   0     0    0  OMEGA A (Bratland, Norway)
OMEGA_A262   26.20  66.420  -13.137  1   0     0    0  OMEGA A (Bratland, Norway)
OMEGA_A263   26.30  66.420  -13.137  1   0     0    0  OMEGA A (Bratland, Norway)
OMEGA_A264   26.40  66.420  -13.137  1   0     0    0  OMEGA A (Bratland, Norway)
OMEGA_A265   26.50  66.420  -13.137  1   0     0    0  OMEGA A (Bratland, Norway)
OMEGA_A266   26.60  66.420  -13.137  1   0     0    0  OMEGA A (Bratland, Norway)
OMEGA_A267   26.70  66.420  -13.137  1   0     0    0  OMEGA A (Bratland, Norway)
OMEGA_A268   26.80  66.420  -13.137  1   0     0    0  OMEGA A (Bratland, Norway)
OMEGA_A269   26.90  66.420  -13.137  1   0     0    0  OMEGA A (Bratland, Norway)
OMEGA_A270   27.00  66.420  -13.137  1   0     0    0  OMEGA A (Bratland, Norway)
OMEGA_A271   27.10  66.420  -13.137  1   0     0    0  OMEGA A (Bratland, Norway)
OMEGA_A272   27.20  66.420  -13.137  1   0     0    0  OMEGA A (Bratland, Norway)
OMEGA_A273   27.30  66.420  -13.137  1   0     0    0  OMEGA A (Bratland, Norway)
OMEGA_A274   27.40  66.420  -13.137  1   0     0    0  OMEGA A (Bratland, Norway)
OMEGA_A275   27.50  66.420  -13.137  1   0     0    0  OMEGA A (Bratland, Norway)
OMEGA_A276   27.60  66.420  -13.137  1   0     0    0  OMEGA A (Bratland, Norway)
OMEGA_A277   27.70  66.420  -13.137  1   0     0    0  OMEGA A (Bratland, Norway)
OMEGA_A278   27.80  66.420  -13.137  1   0     0    0  OMEGA A (Bratland, Norway)
OMEGA_A279   27.90  66.420  -13.137  1   0     0    0  OMEGA A (Bratland, Norway)
OMEGA_A280   28.00  66.420  -13.137  1   0     0    0  OMEGA A (Bratland, Norway)
OMEGA_A281   28.10  66.420  -13.137  1   0     0    0  OMEGA A (Bratland, Norway)
OMEGA_A282   28.20  66.420  -13.137  1   0     0    0  OMEGA A (Bratland, Norway)
OMEGA_A283   28.30  66.420  -13.137  1   0     0    0  OMEGA A (Bratland, Norway)
OMEGA_A284   28.40  66.420  -13.137  1   0     0    0  OMEGA A (Bratland, Norway)
OMEGA_A285   28.50  66.420  -13.137  1   0     0    0  OMEGA A (Bratland, Norway)
OMEGA_A286   28.60  66.420  -13.137  1   0     0    0  OMEGA A (Bratland, Norway)
OMEGA_A287   28.70  66.420  -13.137  1   0     0    0  OMEGA A (Bratland, Norway)
OMEGA_A288   28.80  66.420  -13.137  1   0     0    0  OMEGA A (Bratland, Norway)
OMEGA_A289   28.90  66.420  -13.137  1   0     0    0  OMEGA A (Bratland, Norway)
OMEGA_A290   29.00  66.420  -13.137  1   0     0    0  OMEGA A (Bratland, Norway)
OMEGA_A291   29.10  66.420  -13.137  1   0     0    0  OMEGA A (Bratland, Norway)
OMEGA_A292   29.20  66.420  -13.137  1   0     0    0  OMEGA A (Bratland, Norway)
OMEGA_A293   29.30  66.420  -13.137  1   0     0    0  OMEGA A (Bratland, Norway)
OMEGA_A294   29.40  66.420  -13.137  1   0     0    0  OMEGA A (Bratland, Norway)
OMEGA_A295   29.50  66.420  -13.137  1   0     0    0  OMEGA A (Bratland, Norway)
OMEGA_A296   29.60  66.420  -13.137  1   0     0    0  OMEGA A (Bratland, Norway)
OMEGA_A297   29.70  66.420  -13.137  1   0     0    0  OMEGA A (Bratland, Norway)
OMEGA_A298   29.80  66.420  -13.137  1   0     0    0  OMEGA A (Bratland, Norway)
OMEGA_A299   29.90  66.420  -13.137  1   0     0    0  OMEGA A (Bratland, Norway)
OMEGA_A300   30.00  66.420  -13.137  1   0     0    0  OMEGA A (Bratland, Norway)
OMEGA_B080    8.00   6.305   10.664  1   0     0    0  OMEGA B (Paynesville, Liberia)
OMEGA_B081    8.10   6.305   10.664  1   0     0    0  OMEGA B (Paynesville, Liberia)
OMEGA_B082    8.20   6.305   10.664  1   0     0    0  OMEGA B (Paynesville, Liberia)
OMEGA_B083    8.30   6.305   10.664  1   0     0    0  OMEGA B (Paynesville, Liberia)
OMEGA_B084    8.40   6.305   10.664  1   0     0    0  OMEGA B (Paynesville, Liberia)
OMEGA_B085    8.50   6.305   10.664  1   0     0    0  OMEGA B (Paynesville, Liberia)
OMEGA_B086    8.60   6.305   10.664  1   0     0    0  OMEGA B (Paynesville, Liberia)
OMEGA_B087    8.70   6.305   10.664  1   0     0    0  OMEGA B (Paynesville, Liberia)
OMEGA_B088    8.80   6.305   10.664  1   0     0    0  OMEGA B (Paynesville, Liberia)
OMEGA_B089    8.90   6.305   10.664  1   0     0    0  OMEGA B (Paynesville, Liberia)
OMEGA_B090    9.00   6.305   10.664  1   0     0    0  OMEGA B (Paynesville, Liberia)
OMEGA_B091    9.10   6.305   10.664  1   0     0    0  OMEGA B (Paynesville, Liberia)
OMEGA_B092    9.20   6.305   10.664  1   0     0    0  OMEGA B (Paynesville, Liberia)
OMEGA_B093    9.30   6.305   10.664  1   0     0    0  OMEGA B (Paynesville, Liberia)
OMEGA_B094    9.40   6.305   10.664  1   0     0    0  OMEGA B (Paynesville, Liberia)
OMEGA_B095    9.50   6.305   10.664  1   0     0    0  OMEGA B (Paynesville, Liberia)
OMEGA_B096    9.60   6.305   10.664  1   0     0    0  OMEGA B (Paynesville, Liberia)
OMEGA_B097    9.70   6.305   10.664  1   0     0    0  OMEGA B (Paynesville, Liberia)
OMEGA_B098    9.80   6.305   10.664  1   0     0    0  OMEGA B (Paynesville, Liberia)
OMEGA_B099    9.90   6.305   10.664  1   0     0    0  OMEGA B (Paynesville, Liberia)
OMEGA_B100   10.00   6.305   10.664  1   0     0    0  OMEGA B (Paynesville, Liberia)
OMEGA_B101   10.10   6.305   10.664  1   0     0    0  OMEGA B (Paynesville, Liberia)
OMEGA_B102   10.20   6.305   10.664  1   0     0    0  OMEGA B (Paynesville, Liberia)
OMEGA_B103   10.30   6.305   10.664  1   0     0    0  OMEGA B (Paynesville, Liberia)
OMEGA_B104   10.40   6.305   10.664  1   0     0    0  OMEGA B (Paynesville, Liberia)
OMEGA_B105   10.50   6.305   10.664  1   0     0    0  OMEGA B (Paynesville, Liberia)
OMEGA_B106   10.60   6.305   10.664  1   0     0    0  OMEGA B (Paynesville, Liberia)
OMEGA_B107   10.70   6.305   10.664  1   0     0    0  OMEGA B (Paynesville, Liberia)
OMEGA_B108   10.80   6.305   10.664  1   0     0    0  OMEGA B (Paynesville, Liberia)
OMEGA_B109   10.90   6.305   10.664  1   0     0    0  OMEGA B (Paynesville, Liberia)
OMEGA_B110   11.00   6.305   10.664  1   0     0    0  OMEGA B (Paynesville, Liberia)
OMEGA_B111   11.10   6.305   10.664  1   0     0    0  OMEGA B (Paynesville, Liberia)
OMEGA_B112   11.20   6.305   10.664  1   0     0    0  OMEGA B (Paynesville, Liberia)
OMEGA_B113   11.30   6.305   10.664  1   0     0    0  OMEGA B (Paynesville, Liberia)
OMEGA_B114   11.40   6.305   10.664  1   0     0    0  OMEGA B (Paynesville, Liberia)
OMEGA_B115   11.50   6.305   10.664  1   0     0    0  OMEGA B (Paynesville, Liberia)
OMEGA_B116   11.60   6.305   10.664  1   0     0    0  OMEGA B (Paynesville, Liberia)
OMEGA_B117   11.70   6.305   10.664  1   0     0    0  OMEGA B (Paynesville, Liberia)
OMEGA_B118   11.80   6.305   10.664  1   0     0    0  OMEGA B (Paynesville, Liberia)
OMEGA_B119   11.90   6.305   10.664  1   0     0    0  OMEGA B (Paynesville, Liberia)
OMEGA_B120   12.00   6.305   10.664  1   0     0    0  OMEGA B (Paynesville, Liberia)
OMEGA_B121   12.10   6.305   10.664  1   0     0    0  OMEGA B (Paynesville, Liberia)
OMEGA_B122   12.20   6.305   10.664  1   0     0    0  OMEGA B (Paynesville, Liberia)
OMEGA_B123   12.30   6.305   10.664  1   0     0    0  OMEGA B (Paynesville, Liberia)
OMEGA_B124   12.40   6.305   10.664  1   0     0    0  OMEGA B (Paynesville, Liberia)
OMEGA_B125   12.50   6.305   10.664  1   0     0    0  OMEGA B (Paynesville, Liberia)
OMEGA_B126   12.60   6.305   10.664  1   0     0    0  OMEGA B (Paynesville, Liberia)
OMEGA_B127   12.70   6.305   10.664  1   0     0    0  OMEGA B (Paynesville, Liberia)
OMEGA_B128   12.80   6.305   10.664  1   0     0    0  OMEGA B (Paynesville, Liberia)
OMEGA_B129   12.90   6.305   10.664  1   0     0    0  OMEGA B (Paynesville, Liberia)
OMEGA_B130   13.00   6.305   10.664  1   0     0    0  OMEGA B (Paynesville, Liberia)
OMEGA_B131   13.10   6.305   10.664  1   0     0    0  OMEGA B (Paynesville, Liberia)
OMEGA_B132   13.20   6.305   10.664  1   0     0    0  OMEGA B (Paynesville, Liberia)
OMEGA_B133   13.30   6.305   10.664  1   0     0    0  OMEGA B (Paynesville, Liberia)
OMEGA_B134   13.40   6.305   10.664  1   0     0    0  OMEGA B (Paynesville, Liberia)
OMEGA_B135   13.50   6.305   10.664  1   0     0    0  OMEGA B (Paynesville, Liberia)
OMEGA_B136   13.60   6.305   10.664  1   0     0    0  OMEGA B (Paynesville, Liberia)
OMEGA_B137   13.70   6.305   10.664  1   0     0    0  OMEGA B (Paynesville, Liberia)
OMEGA_B138   13.80   6.305   10.664  1   0     0    0  OMEGA B (Paynesville, Liberia)
OMEGA_B139   13.90   6.305   10.664  1   0     0    0  OMEGA B (Paynesville, Liberia)
OMEGA_B140   14.00   6.305   10.664  1   0     0    0  OMEGA B (Paynesville, Liberia)
OMEGA_B141   14.10   6.305   10.664  1   0     0    0  OMEGA B (Paynesville, Liberia)
OMEGA_B142   14.20   6.305   10.664  1   0     0    0  OMEGA B (Paynesville, Liberia)
OMEGA_B143   14.30   6.305   10.664  1   0     0    0  OMEGA B (Paynesville, Liberia)
OMEGA_B144   14.40   6.305   10.664  1   0     0    0  OMEGA B (Paynesville, Liberia)
OMEGA_B145   14.50   6.305   10.664  1   0     0    0  OMEGA B (Paynesville, Liberia)
OMEGA_B146   14.60   6.305   10.664  1   0     0    0  OMEGA B (Paynesville, Liberia)
OMEGA_B147   14.70   6.305   10.664  1   0     0    0  OMEGA B (Paynesville, Liberia)
OMEGA_B148   14.80   6.305   10.664  1   0     0    0  OMEGA B (Paynesville, Liberia)
OMEGA_B149   14.90   6.305   10.664  1   0     0    0  OMEGA B (Paynesville, Liberia)
OMEGA_B150   15.00   6.305   10.664  1   0     0    0  OMEGA B (Paynesville, Liberia)
OMEGA_B151   15.10   6.305   10.664  1   0     0    0  OMEGA B (Paynesville, Liberia)
OMEGA_B152   15.20   6.305   10.664  1   0     0    0  OMEGA B (Paynesville, Liberia)
OMEGA_B153   15.30   6.305   10.664  1   0     0    0  OMEGA B (Paynesville, Liberia)
OMEGA_B154   15.40   6.305   10.664  1   0     0    0  OMEGA B (Paynesville, Liberia)
OMEGA_B155   15.50   6.305   10.664  1   0     0    0  OMEGA B (Paynesville, Liberia)
OMEGA_B156   15.60   6.305   10.664  1   0     0    0  OMEGA B (Paynesville, Liberia)
OMEGA_B157   15.70   6.305   10.664  1   0     0    0  OMEGA B (Paynesville, Liberia)
OMEGA_B158   15.80   6.305   10.664  1   0     0    0  OMEGA B (Paynesville, Liberia)
OMEGA_B159   15.90   6.305   10.664  1   0     0    0  OMEGA B (Paynesville, Liberia)
OMEGA_B160   16.00   6.305   10.664  1   0     0    0  OMEGA B (Paynesville, Liberia)
OMEGA_B161   16.10   6.305   10.664  1   0     0    0  OMEGA B (Paynesville, Liberia)
OMEGA_B162   16.20   6.305   10.664  1   0     0    0  OMEGA B (Paynesville, Liberia)
OMEGA_B163   16.30   6.305   10.664  1   0     0    0  OMEGA B (Paynesville, Liberia)
OMEGA_B164   16.40   6.305   10.664  1   0     0    0  OMEGA B (Paynesville, Liberia)
OMEGA_B165   16.50   6.305   10.664  1   0     0    0  OMEGA B (Paynesville, Liberia)
OMEGA_B166   16.60   6.305   10.664  1   0     0    0  OMEGA B (Paynesville, Liberia)
OMEGA_B167   16.70   6.305   10.664  1   0     0    0  OMEGA B (Paynesville, Liberia)
OMEGA_B168   16.80   6.305   10.664  1   0     0    0  OMEGA B (Paynesville, Liberia)
OMEGA_B169   16.90   6.305   10.664  1   0     0    0  OMEGA B (Paynesville, Liberia)
OMEGA_B170   17.00   6.305   10.664  1   0     0    0  OMEGA B (Paynesville, Liberia)
OMEGA_B171   17.10   6.305   10.664  1   0     0    0  OMEGA B (Paynesville, Liberia)
OMEGA_B172   17.20   6.305   10.664  1   0     0    0  OMEGA B (Paynesville, Liberia)
OMEGA_B173   17.30   6.305   10.664  1   0     0    0  OMEGA B (Paynesville, Liberia)
OMEGA_B174   17.40   6.305   10.664  1   0     0    0  OMEGA B (Paynesville, Liberia)
OMEGA_B175   17.50   6.305   10.664  1   0     0    0  OMEGA B (Paynesville, Liberia)
OMEGA_B176   17.60   6.305   10.664  1   0     0    0  OMEGA B (Paynesville, Liberia)
OMEGA_B177   17.70   6.305   10.664  1   0     0    0  OMEGA B (Paynesville, Liberia)
OMEGA_B178   17.80   6.305   10.664  1   0     0    0  OMEGA B (Paynesville, Liberia)
OMEGA_B179   17.90   6.305   10.664  1   0     0    0  OMEGA B (Paynesville, Liberia)
OMEGA_B180   18.00   6.305   10.664  1   0     0    0  OMEGA B (Paynesville, Liberia)
OMEGA_B181   18.10   6.305   10.664  1   0     0    0  OMEGA B (Paynesville, Liberia)
OMEGA_B182   18.20   6.305   10.664  1   0     0    0  OMEGA B (Paynesville, Liberia)
OMEGA_B183   18.30   6.305   10.664  1   0     0    0  OMEGA B (Paynesville, Liberia)
OMEGA_B184   18.40   6.305   10.664  1   0     0    0  OMEGA B (Paynesville, Liberia)
OMEGA_B185   18.50   6.305   10.664  1   0     0    0  OMEGA B (Paynesville, Liberia)
OMEGA_B186   18.60   6.305   10.664  1   0     0    0  OMEGA B (Paynesville, Liberia)
OMEGA_B187   18.70   6.305   10.664  1   0     0    0  OMEGA B (Paynesville, Liberia)
OMEGA_B188   18.80   6.305   10.664  1   0     0    0  OMEGA B (Paynesville, Liberia)
OMEGA_B189   18.90   6.305   10.664  1   0     0    0  OMEGA B (Paynesville, Liberia)
OMEGA_B190   19.00   6.305   10.664  1   0     0    0  OMEGA B (Paynesville, Liberia)
OMEGA_B191   19.10   6.305   10.664  1   0     0    0  OMEGA B (Paynesville, Liberia)
OMEGA_B192   19.20   6.305   10.664  1   0     0    0  OMEGA B (Paynesville, Liberia)
OMEGA_B193   19.30   6.305   10.664  1   0     0    0  OMEGA B (Paynesville, Liberia)
OMEGA_B194   19.40   6.305   10.664  1   0     0    0  OMEGA B (Paynesville, Liberia)
OMEGA_B195   19.50   6.305   10.664  1   0     0    0  OMEGA B (Paynesville, Liberia)
OMEGA_B196   19.60   6.305   10.664  1   0     0    0  OMEGA B (Paynesville, Liberia)
OMEGA_B197   19.70   6.305   10.664  1   0     0    0  OMEGA B (Paynesville, Liberia)
OMEGA_B198   19.80   6.305   10.664  1   0     0    0  OMEGA B (Paynesville, Liberia)
OMEGA_B199   19.90   6.305   10.664  1   0     0    0  OMEGA B (Paynesville, Liberia)
OMEGA_B200   20.00   6.305   10.664  1   0     0    0  OMEGA B (Paynesville, Liberia)
OMEGA_B201   20.10   6.305   10.664  1   0     0    0  OMEGA B (Paynesville, Liberia)
OMEGA_B202   20.20   6.305   10.664  1   0     0    0  OMEGA B (Paynesville, Liberia)
OMEGA_B203   20.30   6.305   10.664  1   0     0    0  OMEGA B (Paynesville, Liberia)
OMEGA_B204   20.40   6.305   10.664  1   0     0    0  OMEGA B (Paynesville, Liberia)
OMEGA_B205   20.50   6.305   10.664  1   0     0    0  OMEGA B (Paynesville, Liberia)
OMEGA_B206   20.60   6.305   10.664  1   0     0    0  OMEGA B (Paynesville, Liberia)
OMEGA_B207   20.70   6.305   10.664  1   0     0    0  OMEGA B (Paynesville, Liberia)
OMEGA_B208   20.80   6.305   10.664  1   0     0    0  OMEGA B (Paynesville, Liberia)
OMEGA_B209   20.90   6.305   10.664  1   0     0    0  OMEGA B (Paynesville, Liberia)
OMEGA_B210   21.00   6.305   10.664  1   0     0    0  OMEGA B (Paynesville, Liberia)
OMEGA_B211   21.10   6.305   10.664  1   0     0    0  OMEGA B (Paynesville, Liberia)
OMEGA_B212   21.20   6.305   10.664  1   0     0    0  OMEGA B (Paynesville, Liberia)
OMEGA_B213   21.30   6.305   10.664  1   0     0    0  OMEGA B (Paynesville, Liberia)
OMEGA_B214   21.40   6.305   10.664  1   0     0    0  OMEGA B (Paynesville, Liberia)
OMEGA_B215   21.50   6.305   10.664  1   0     0    0  OMEGA B (Paynesville, Liberia)
OMEGA_B216   21.60   6.305   10.664  1   0     0    0  OMEGA B (Paynesville, Liberia)
OMEGA_B217   21.70   6.305   10.664  1   0     0    0  OMEGA B (Paynesville, Liberia)
OMEGA_B218   21.80   6.305   10.664  1   0     0    0  OMEGA B (Paynesville, Liberia)
OMEGA_B219   21.90   6.305   10.664  1   0     0    0  OMEGA B (Paynesville, Liberia)
OMEGA_B220   22.00   6.305   10.664  1   0     0    0  OMEGA B (Paynesville, Liberia)
OMEGA_B221   22.10   6.305   10.664  1   0     0    0  OMEGA B (Paynesville, Liberia)
OMEGA_B222   22.20   6.305   10.664  1   0     0    0  OMEGA B (Paynesville, Liberia)
OMEGA_B223   22.30   6.305   10.664  1   0     0    0  OMEGA B (Paynesville, Liberia)
OMEGA_B224   22.40   6.305   10.664  1   0     0    0  OMEGA B (Paynesville, Liberia)
OMEGA_B225   22.50   6.305   10.664  1   0     0    0  OMEGA B (Paynesville, Liberia)
OMEGA_B226   22.60   6.305   10.664  1   0     0    0  OMEGA B (Paynesville, Liberia)
OMEGA_B227   22.70   6.305   10.664  1   0     0    0  OMEGA B (Paynesville, Liberia)
OMEGA_B228   22.80   6.305   10.664  1   0     0    0  OMEGA B (Paynesville, Liberia)
OMEGA_B229   22.90   6.305   10.664  1   0     0    0  OMEGA B (Paynesville, Liberia)
OMEGA_B230   23.00   6.305   10.664  1   0     0    0  OMEGA B (Paynesville, Liberia)
OMEGA_B231   23.10   6.305   10.664  1   0     0    0  OMEGA B (Paynesville, Liberia)
OMEGA_B232   23.20   6.305   10.664  1   0     0    0  OMEGA B (Paynesville, Liberia)
OMEGA_B233   23.30   6.305   10.664  1   0     0    0  OMEGA B (Paynesville, Liberia)
OMEGA_B234   23.40   6.305   10.664  1   0     0    0  OMEGA B (Paynesville, Liberia)
OMEGA_B235   23.50   6.305   10.664  1   0     0    0  OMEGA B (Paynesville, Liberia)
OMEGA_B236   23.60   6.305   10.664  1   0     0    0  OMEGA B (Paynesville, Liberia)
OMEGA_B237   23.70   6.305   10.664  1   0     0    0  OMEGA B (Paynesville, Liberia)
OMEGA_B238   23.80   6.305   10.664  1   0     0    0  OMEGA B (Paynesville, Liberia)
OMEGA_B239   23.90   6.305   10.664  1   0     0    0  OMEGA B (Paynesville, Liberia)
OMEGA_B240   24.00   6.305   10.664  1   0     0    0  OMEGA B (Paynesville, Liberia)
OMEGA_B241   24.10   6.305   10.664  1   0     0    0  OMEGA B (Paynesville, Liberia)
OMEGA_B242   24.20   6.305   10.664  1   0     0    0  OMEGA B (Paynesville, Liberia)
OMEGA_B243   24.30   6.305   10.664  1   0     0    0  OMEGA B (Paynesville, Liberia)
OMEGA_B244   24.40   6.305   10.664  1   0     0    0  OMEGA B (Paynesville, Liberia)
OMEGA_B245   24.50   6.305   10.664  1   0     0    0  OMEGA B (Paynesville, Liberia)
OMEGA_B246   24.60   6.305   10.664  1   0     0    0  OMEGA B (Paynesville, Liberia)
OMEGA_B247   24.70   6.305   10.664  1   0     0    0  OMEGA B (Paynesville, Liberia)
OMEGA_B248   24.80   6.305   10.664  1   0     0    0  OMEGA B (Paynesville, Liberia)
OMEGA_B249   24.90   6.305   10.664  1   0     0    0  OMEGA B (Paynesville, Liberia)
OMEGA_B250   25.00   6.305   10.664  1   0     0    0  OMEGA B (Paynesville, Liberia)
OMEGA_B251   25.10   6.305   10.664  1   0     0    0  OMEGA B (Paynesville, Liberia)
OMEGA_B252   25.20   6.305   10.664  1   0     0    0  OMEGA B (Paynesville, Liberia)
OMEGA_B253   25.30   6.305   10.664  1   0     0    0  OMEGA B (Paynesville, Liberia)
OMEGA_B254   25.40   6.305   10.664  1   0     0    0  OMEGA B (Paynesville, Liberia)
OMEGA_B255   25.50   6.305   10.664  1   0     0    0  OMEGA B (Paynesville, Liberia)
OMEGA_B256   25.60   6.305   10.664  1   0     0    0  OMEGA B (Paynesville, Liberia)
OMEGA_B257   25.70   6.305   10.664  1   0     0    0  OMEGA B (Paynesville, Liberia)
OMEGA_B258   25.80   6.305   10.664  1   0     0    0  OMEGA B (Paynesville, Liberia)
OMEGA_B259   25.90   6.305   10.664  1   0     0    0  OMEGA B (Paynesville, Liberia)
OMEGA_B260   26.00   6.305   10.664  1   0     0    0  OMEGA B (Paynesville, Liberia)
OMEGA_B261   26.10   6.305   10.664  1   0     0    0  OMEGA B (Paynesville, Liberia)
OMEGA_B262   26.20   6.305   10.664  1   0     0    0  OMEGA B (Paynesville, Liberia)
OMEGA_B263   26.30   6.305   10.664  1   0     0    0  OMEGA B (Paynesville, Liberia)
OMEGA_B264   26.40   6.305   10.664  1   0     0    0  OMEGA B (Paynesville, Liberia)
OMEGA_B265   26.50   6.305   10.664  1   0     0    0  OMEGA B (Paynesville, Liberia)
OMEGA_B266   26.60   6.305   10.664  1   0     0    0  OMEGA B (Paynesville, Liberia)
OMEGA_B267   26.70   6.305   10.664  1   0     0    0  OMEGA B (Paynesville, Liberia)
OMEGA_B268   26.80   6.305   10.664  1   0     0    0  OMEGA B (Paynesville, Liberia)
OMEGA_B269   26.90   6.305   10.664  1   0     0    0  OMEGA B (Paynesville, Liberia)
OMEGA_B270   27.00   6.305   10.664  1   0     0    0  OMEGA B (Paynesville, Liberia)
OMEGA_B271   27.10   6.305   10.664  1   0     0    0  OMEGA B (Paynesville, Liberia)
OMEGA_B272   27.20   6.305   10.664  1   0     0    0  OMEGA B (Paynesville, Liberia)
OMEGA_B273   27.30   6.305   10.664  1   0     0    0  OMEGA B (Paynesville, Liberia)
OMEGA_B274   27.40   6.305   10.664  1   0     0    0  OMEGA B (Paynesville, Liberia)
OMEGA_B275   27.50   6.305   10.664  1   0     0    0  OMEGA B (Paynesville, Liberia)
OMEGA_B276   27.60   6.305   10.664  1   0     0    0  OMEGA B (Paynesville, Liberia)
OMEGA_B277   27.70   6.305   10.664  1   0     0    0  OMEGA B (Paynesville, Liberia)
OMEGA_B278   27.80   6.305   10.664  1   0     0    0  OMEGA B (Paynesville, Liberia)
OMEGA_B279   27.90   6.305   10.664  1   0     0    0  OMEGA B (Paynesville, Liberia)
OMEGA_B280   28.00   6.305   10.664  1   0     0    0  OMEGA B (Paynesville, Liberia)
OMEGA_B281   28.10   6.305   10.664  1   0     0    0  OMEGA B (Paynesville, Liberia)
OMEGA_B282   28.20   6.305   10.664  1   0     0    0  OMEGA B (Paynesville, Liberia)
OMEGA_B283   28.30   6.305   10.664  1   0     0    0  OMEGA B (Paynesville, Liberia)
OMEGA_B284   28.40   6.305   10.664  1   0     0    0  OMEGA B (Paynesville, Liberia)
OMEGA_B285   28.50   6.305   10.664  1   0     0    0  OMEGA B (Paynesville, Liberia)
OMEGA_B286   28.60   6.305   10.664  1   0     0    0  OMEGA B (Paynesville, Liberia)
OMEGA_B287   28.70   6.305   10.664  1   0     0    0  OMEGA B (Paynesville, Liberia)
OMEGA_B288   28.80   6.305   10.664  1   0     0    0  OMEGA B (Paynesville, Liberia)
OMEGA_B289   28.90   6.305   10.664  1   0     0    0  OMEGA B (Paynesville, Liberia)
OMEGA_B290   29.00   6.305   10.664  1   0     0    0  OMEGA B (Paynesville, Liberia)
OMEGA_B291   29.10   6.305   10.664  1   0     0    0  OMEGA B (Paynesville, Liberia)
OMEGA_B292   29.20   6.305   10.664  1   0     0    0  OMEGA B (Paynesville, Liberia)
OMEGA_B293   29.30   6.305   10.664  1   0     0    0  OMEGA B (Paynesville, Liberia)
OMEGA_B294   29.40   6.305   10.664  1   0     0    0  OMEGA B (Paynesville, Liberia)
OMEGA_B295   29.50   6.305   10.664  1   0     0    0  OMEGA B (Paynesville, Liberia)
OMEGA_B296   29.60   6.305   10.664  1   0     0    0  OMEGA B (Paynesville, Liberia)
OMEGA_B297   29.70   6.305   10.664  1   0     0    0  OMEGA B (Paynesville, Liberia)
OMEGA_B298   29.80   6.305   10.664  1   0     0    0  OMEGA B (Paynesville, Liberia)
OMEGA_B299   29.90   6.305   10.664  1   0     0    0  OMEGA B (Paynesville, Liberia)
OMEGA_B300   30.00   6.305   10.664  1   0     0    0  OMEGA B (Paynesville, Liberia)
OMEGA_C080    8.00  21.405  157.831  1   0     0    0  OMEGA C (Kaneohe, Hawaii)
OMEGA_C081    8.10  21.405  157.831  1   0     0    0  OMEGA C (Kaneohe, Hawaii)
OMEGA_C082    8.20  21.405  157.831  1   0     0    0  OMEGA C (Kaneohe, Hawaii)
OMEGA_C083    8.30  21.405  157.831  1   0     0    0  OMEGA C (Kaneohe, Hawaii)
OMEGA_C084    8.40  21.405  157.831  1   0     0    0  OMEGA C (Kaneohe, Hawaii)
OMEGA_C085    8.50  21.405  157.831  1   0     0    0  OMEGA C (Kaneohe, Hawaii)
OMEGA_C086    8.60  21.405  157.831  1   0     0    0  OMEGA C (Kaneohe, Hawaii)
OMEGA_C087    8.70  21.405  157.831  1   0     0    0  OMEGA C (Kaneohe, Hawaii)
OMEGA_C088    8.80  21.405  157.831  1   0     0    0  OMEGA C (Kaneohe, Hawaii)
OMEGA_C089    8.90  21.405  157.831  1   0     0    0  OMEGA C (Kaneohe, Hawaii)
OMEGA_C090    9.00  21.405  157.831  1   0     0    0  OMEGA C (Kaneohe, Hawaii)
OMEGA_C091    9.10  21.405  157.831  1   0     0    0  OMEGA C (Kaneohe, Hawaii)
OMEGA_C092    9.20  21.405  157.831  1   0     0    0  OMEGA C (Kaneohe, Hawaii)
OMEGA_C093    9.30  21.405  157.831  1   0     0    0  OMEGA C (Kaneohe, Hawaii)
OMEGA_C094    9.40  21.405  157.831  1   0     0    0  OMEGA C (Kaneohe, Hawaii)
OMEGA_C095    9.50  21.405  157.831  1   0     0    0  OMEGA C (Kaneohe, Hawaii)
OMEGA_C096    9.60  21.405  157.831  1   0     0    0  OMEGA C (Kaneohe, Hawaii)
OMEGA_C097    9.70  21.405  157.831  1   0     0    0  OMEGA C (Kaneohe, Hawaii)
OMEGA_C098    9.80  21.405  157.831  1   0     0    0  OMEGA C (Kaneohe, Hawaii)
OMEGA_C099    9.90  21.405  157.831  1   0     0    0  OMEGA C (Kaneohe, Hawaii)
OMEGA_C100   10.00  21.405  157.831  1   0     0    0  OMEGA C (Kaneohe, Hawaii)
OMEGA_C101   10.10  21.405  157.831  1   0     0    0  OMEGA C (Kaneohe, Hawaii)
OMEGA_C102   10.20  21.405  157.831  1   0     0    0  OMEGA C (Kaneohe, Hawaii)
OMEGA_C103   10.30  21.405  157.831  1   0     0    0  OMEGA C (Kaneohe, Hawaii)
OMEGA_C104   10.40  21.405  157.831  1   0     0    0  OMEGA C (Kaneohe, Hawaii)
OMEGA_C105   10.50  21.405  157.831  1   0     0    0  OMEGA C (Kaneohe, Hawaii)
OMEGA_C106   10.60  21.405  157.831  1   0     0    0  OMEGA C (Kaneohe, Hawaii)
OMEGA_C107   10.70  21.405  157.831  1   0     0    0  OMEGA C (Kaneohe, Hawaii)
OMEGA_C108   10.80  21.405  157.831  1   0     0    0  OMEGA C (Kaneohe, Hawaii)
OMEGA_C109   10.90  21.405  157.831  1   0     0    0  OMEGA C (Kaneohe, Hawaii)
OMEGA_C110   11.00  21.405  157.831  1   0     0    0  OMEGA C (Kaneohe, Hawaii)
OMEGA_C111   11.10  21.405  157.831  1   0     0    0  OMEGA C (Kaneohe, Hawaii)
OMEGA_C112   11.20  21.405  157.831  1   0     0    0  OMEGA C (Kaneohe, Hawaii)
OMEGA_C113   11.30  21.405  157.831  1   0     0    0  OMEGA C (Kaneohe, Hawaii)
OMEGA_C114   11.40  21.405  157.831  1   0     0    0  OMEGA C (Kaneohe, Hawaii)
OMEGA_C115   11.50  21.405  157.831  1   0     0    0  OMEGA C (Kaneohe, Hawaii)
OMEGA_C116   11.60  21.405  157.831  1   0     0    0  OMEGA C (Kaneohe, Hawaii)
OMEGA_C117   11.70  21.405  157.831  1   0     0    0  OMEGA C (Kaneohe, Hawaii)
OMEGA_C118   11.80  21.405  157.831  1   0     0    0  OMEGA C (Kaneohe, Hawaii)
OMEGA_C119   11.90  21.405  157.831  1   0     0    0  OMEGA C (Kaneohe, Hawaii)
OMEGA_C120   12.00  21.405  157.831  1   0     0    0  OMEGA C (Kaneohe, Hawaii)
OMEGA_C121   12.10  21.405  157.831  1   0     0    0  OMEGA C (Kaneohe, Hawaii)
OMEGA_C122   12.20  21.405  157.831  1   0     0    0  OMEGA C (Kaneohe, Hawaii)
OMEGA_C123   12.30  21.405  157.831  1   0     0    0  OMEGA C (Kaneohe, Hawaii)
OMEGA_C124   12.40  21.405  157.831  1   0     0    0  OMEGA C (Kaneohe, Hawaii)
OMEGA_C125   12.50  21.405  157.831  1   0     0    0  OMEGA C (Kaneohe, Hawaii)
OMEGA_C126   12.60  21.405  157.831  1   0     0    0  OMEGA C (Kaneohe, Hawaii)
OMEGA_C127   12.70  21.405  157.831  1   0     0    0  OMEGA C (Kaneohe, Hawaii)
OMEGA_C128   12.80  21.405  157.831  1   0     0    0  OMEGA C (Kaneohe, Hawaii)
OMEGA_C129   12.90  21.405  157.831  1   0     0    0  OMEGA C (Kaneohe, Hawaii)
OMEGA_C130   13.00  21.405  157.831  1   0     0    0  OMEGA C (Kaneohe, Hawaii)
OMEGA_C131   13.10  21.405  157.831  1   0     0    0  OMEGA C (Kaneohe, Hawaii)
OMEGA_C132   13.20  21.405  157.831  1   0     0    0  OMEGA C (Kaneohe, Hawaii)
OMEGA_C133   13.30  21.405  157.831  1   0     0    0  OMEGA C (Kaneohe, Hawaii)
OMEGA_C134   13.40  21.405  157.831  1   0     0    0  OMEGA C (Kaneohe, Hawaii)
OMEGA_C135   13.50  21.405  157.831  1   0     0    0  OMEGA C (Kaneohe, Hawaii)
OMEGA_C136   13.60  21.405  157.831  1   0     0    0  OMEGA C (Kaneohe, Hawaii)
OMEGA_C137   13.70  21.405  157.831  1   0     0    0  OMEGA C (Kaneohe, Hawaii)
OMEGA_C138   13.80  21.405  157.831  1   0     0    0  OMEGA C (Kaneohe, Hawaii)
OMEGA_C139   13.90  21.405  157.831  1   0     0    0  OMEGA C (Kaneohe, Hawaii)
OMEGA_C140   14.00  21.405  157.831  1   0     0    0  OMEGA C (Kaneohe, Hawaii)
OMEGA_C141   14.10  21.405  157.831  1   0     0    0  OMEGA C (Kaneohe, Hawaii)
OMEGA_C142   14.20  21.405  157.831  1   0     0    0  OMEGA C (Kaneohe, Hawaii)
OMEGA_C143   14.30  21.405  157.831  1   0     0    0  OMEGA C (Kaneohe, Hawaii)
OMEGA_C144   14.40  21.405  157.831  1   0     0    0  OMEGA C (Kaneohe, Hawaii)
OMEGA_C145   14.50  21.405  157.831  1   0     0    0  OMEGA C (Kaneohe, Hawaii)
OMEGA_C146   14.60  21.405  157.831  1   0     0    0  OMEGA C (Kaneohe, Hawaii)
OMEGA_C147   14.70  21.405  157.831  1   0     0    0  OMEGA C (Kaneohe, Hawaii)
OMEGA_C148   14.80  21.405  157.831  1   0     0    0  OMEGA C (Kaneohe, Hawaii)
OMEGA_C149   14.90  21.405  157.831  1   0     0    0  OMEGA C (Kaneohe, Hawaii)
OMEGA_C150   15.00  21.405  157.831  1   0     0    0  OMEGA C (Kaneohe, Hawaii)
OMEGA_C151   15.10  21.405  157.831  1   0     0    0  OMEGA C (Kaneohe, Hawaii)
OMEGA_C152   15.20  21.405  157.831  1   0     0    0  OMEGA C (Kaneohe, Hawaii)
OMEGA_C153   15.30  21.405  157.831  1   0     0    0  OMEGA C (Kaneohe, Hawaii)
OMEGA_C154   15.40  21.405  157.831  1   0     0    0  OMEGA C (Kaneohe, Hawaii)
OMEGA_C155   15.50  21.405  157.831  1   0     0    0  OMEGA C (Kaneohe, Hawaii)
OMEGA_C156   15.60  21.405  157.831  1   0     0    0  OMEGA C (Kaneohe, Hawaii)
OMEGA_C157   15.70  21.405  157.831  1   0     0    0  OMEGA C (Kaneohe, Hawaii)
OMEGA_C158   15.80  21.405  157.831  1   0     0    0  OMEGA C (Kaneohe, Hawaii)
OMEGA_C159   15.90  21.405  157.831  1   0     0    0  OMEGA C (Kaneohe, Hawaii)
OMEGA_C160   16.00  21.405  157.831  1   0     0    0  OMEGA C (Kaneohe, Hawaii)
OMEGA_C161   16.10  21.405  157.831  1   0     0    0  OMEGA C (Kaneohe, Hawaii)
OMEGA_C162   16.20  21.405  157.831  1   0     0    0  OMEGA C (Kaneohe, Hawaii)
OMEGA_C163   16.30  21.405  157.831  1   0     0    0  OMEGA C (Kaneohe, Hawaii)
OMEGA_C164   16.40  21.405  157.831  1   0     0    0  OMEGA C (Kaneohe, Hawaii)
OMEGA_C165   16.50  21.405  157.831  1   0     0    0  OMEGA C (Kaneohe, Hawaii)
OMEGA_C166   16.60  21.405  157.831  1   0     0    0  OMEGA C (Kaneohe, Hawaii)
OMEGA_C167   16.70  21.405  157.831  1   0     0    0  OMEGA C (Kaneohe, Hawaii)
OMEGA_C168   16.80  21.405  157.831  1   0     0    0  OMEGA C (Kaneohe, Hawaii)
OMEGA_C169   16.90  21.405  157.831  1   0     0    0  OMEGA C (Kaneohe, Hawaii)
OMEGA_C170   17.00  21.405  157.831  1   0     0    0  OMEGA C (Kaneohe, Hawaii)
OMEGA_C171   17.10  21.405  157.831  1   0     0    0  OMEGA C (Kaneohe, Hawaii)
OMEGA_C172   17.20  21.405  157.831  1   0     0    0  OMEGA C (Kaneohe, Hawaii)
OMEGA_C173   17.30  21.405  157.831  1   0     0    0  OMEGA C (Kaneohe, Hawaii)
OMEGA_C174   17.40  21.405  157.831  1   0     0    0  OMEGA C (Kaneohe, Hawaii)
OMEGA_C175   17.50  21.405  157.831  1   0     0    0  OMEGA C (Kaneohe, Hawaii)
OMEGA_C176   17.60  21.405  157.831  1   0     0    0  OMEGA C (Kaneohe, Hawaii)
OMEGA_C177   17.70  21.405  157.831  1   0     0    0  OMEGA C (Kaneohe, Hawaii)
OMEGA_C178   17.80  21.405  157.831  1   0     0    0  OMEGA C (Kaneohe, Hawaii)
OMEGA_C179   17.90  21.405  157.831  1   0     0    0  OMEGA C (Kaneohe, Hawaii)
OMEGA_C180   18.00  21.405  157.831  1   0     0    0  OMEGA C (Kaneohe, Hawaii)
OMEGA_C181   18.10  21.405  157.831  1   0     0    0  OMEGA C (Kaneohe, Hawaii)
OMEGA_C182   18.20  21.405  157.831  1   0     0    0  OMEGA C (Kaneohe, Hawaii)
OMEGA_C183   18.30  21.405  157.831  1   0     0    0  OMEGA C (Kaneohe, Hawaii)
OMEGA_C184   18.40  21.405  157.831  1   0     0    0  OMEGA C (Kaneohe, Hawaii)
OMEGA_C185   18.50  21.405  157.831  1   0     0    0  OMEGA C (Kaneohe, Hawaii)
OMEGA_C186   18.60  21.405  157.831  1   0     0    0  OMEGA C (Kaneohe, Hawaii)
OMEGA_C187   18.70  21.405  157.831  1   0     0    0  OMEGA C (Kaneohe, Hawaii)
OMEGA_C188   18.80  21.405  157.831  1   0     0    0  OMEGA C (Kaneohe, Hawaii)
OMEGA_C189   18.90  21.405  157.831  1   0     0    0  OMEGA C (Kaneohe, Hawaii)
OMEGA_C190   19.00  21.405  157.831  1   0     0    0  OMEGA C (Kaneohe, Hawaii)
OMEGA_C191   19.10  21.405  157.831  1   0     0    0  OMEGA C (Kaneohe, Hawaii)
OMEGA_C192   19.20  21.405  157.831  1   0     0    0  OMEGA C (Kaneohe, Hawaii)
OMEGA_C193   19.30  21.405  157.831  1   0     0    0  OMEGA C (Kaneohe, Hawaii)
OMEGA_C194   19.40  21.405  157.831  1   0     0    0  OMEGA C (Kaneohe, Hawaii)
OMEGA_C195   19.50  21.405  157.831  1   0     0    0  OMEGA C (Kaneohe, Hawaii)
OMEGA_C196   19.60  21.405  157.831  1   0     0    0  OMEGA C (Kaneohe, Hawaii)
OMEGA_C197   19.70  21.405  157.831  1   0     0    0  OMEGA C (Kaneohe, Hawaii)
OMEGA_C198   19.80  21.405  157.831  1   0     0    0  OMEGA C (Kaneohe, Hawaii)
OMEGA_C199   19.90  21.405  157.831  1   0     0    0  OMEGA C (Kaneohe, Hawaii)
OMEGA_C200   20.00  21.405  157.831  1   0     0    0  OMEGA C (Kaneohe, Hawaii)
OMEGA_C201   20.10  21.405  157.831  1   0     0    0  OMEGA C (Kaneohe, Hawaii)
OMEGA_C202   20.20  21.405  157.831  1   0     0    0  OMEGA C (Kaneohe, Hawaii)
OMEGA_C203   20.30  21.405  157.831  1   0     0    0  OMEGA C (Kaneohe, Hawaii)
OMEGA_C204   20.40  21.405  157.831  1   0     0    0  OMEGA C (Kaneohe, Hawaii)
OMEGA_C205   20.50  21.405  157.831  1   0     0    0  OMEGA C (Kaneohe, Hawaii)
OMEGA_C206   20.60  21.405  157.831  1   0     0    0  OMEGA C (Kaneohe, Hawaii)
OMEGA_C207   20.70  21.405  157.831  1   0     0    0  OMEGA C (Kaneohe, Hawaii)
OMEGA_C208   20.80  21.405  157.831  1   0     0    0  OMEGA C (Kaneohe, Hawaii)
OMEGA_C209   20.90  21.405  157.831  1   0     0    0  OMEGA C (Kaneohe, Hawaii)
OMEGA_C210   21.00  21.405  157.831  1   0     0    0  OMEGA C (Kaneohe, Hawaii)
OMEGA_C211   21.10  21.405  157.831  1   0     0    0  OMEGA C (Kaneohe, Hawaii)
OMEGA_C212   21.20  21.405  157.831  1   0     0    0  OMEGA C (Kaneohe, Hawaii)
OMEGA_C213   21.30  21.405  157.831  1   0     0    0  OMEGA C (Kaneohe, Hawaii)
OMEGA_C214   21.40  21.405  157.831  1   0     0    0  OMEGA C (Kaneohe, Hawaii)
OMEGA_C215   21.50  21.405  157.831  1   0     0    0  OMEGA C (Kaneohe, Hawaii)
OMEGA_C216   21.60  21.405  157.831  1   0     0    0  OMEGA C (Kaneohe, Hawaii)
OMEGA_C217   21.70  21.405  157.831  1   0     0    0  OMEGA C (Kaneohe, Hawaii)
OMEGA_C218   21.80  21.405  157.831  1   0     0    0  OMEGA C (Kaneohe, Hawaii)
OMEGA_C219   21.90  21.405  157.831  1   0     0    0  OMEGA C (Kaneohe, Hawaii)
OMEGA_C220   22.00  21.405  157.831  1   0     0    0  OMEGA C (Kaneohe, Hawaii)
OMEGA_C221   22.10  21.405  157.831  1   0     0    0  OMEGA C (Kaneohe, Hawaii)
OMEGA_C222   22.20  21.405  157.831  1   0     0    0  OMEGA C (Kaneohe, Hawaii)
OMEGA_C223   22.30  21.405  157.831  1   0     0    0  OMEGA C (Kaneohe, Hawaii)
OMEGA_C224   22.40  21.405  157.831  1   0     0    0  OMEGA C (Kaneohe, Hawaii)
OMEGA_C225   22.50  21.405  157.831  1   0     0    0  OMEGA C (Kaneohe, Hawaii)
OMEGA_C226   22.60  21.405  157.831  1   0     0    0  OMEGA C (Kaneohe, Hawaii)
OMEGA_C227   22.70  21.405  157.831  1   0     0    0  OMEGA C (Kaneohe, Hawaii)
OMEGA_C228   22.80  21.405  157.831  1   0     0    0  OMEGA C (Kaneohe, Hawaii)
OMEGA_C229   22.90  21.405  157.831  1   0     0    0  OMEGA C (Kaneohe, Hawaii)
OMEGA_C230   23.00  21.405  157.831  1   0     0    0  OMEGA C (Kaneohe, Hawaii)
OMEGA_C231   23.10  21.405  157.831  1   0     0    0  OMEGA C (Kaneohe, Hawaii)
OMEGA_C232   23.20  21.405  157.831  1   0     0    0  OMEGA C (Kaneohe, Hawaii)
OMEGA_C233   23.30  21.405  157.831  1   0     0    0  OMEGA C (Kaneohe, Hawaii)
OMEGA_C234   23.40  21.405  157.831  1   0     0    0  OMEGA C (Kaneohe, Hawaii)
OMEGA_C235   23.50  21.405  157.831  1   0     0    0  OMEGA C (Kaneohe, Hawaii)
OMEGA_C236   23.60  21.405  157.831  1   0     0    0  OMEGA C (Kaneohe, Hawaii)
OMEGA_C237   23.70  21.405  157.831  1   0     0    0  OMEGA C (Kaneohe, Hawaii)
OMEGA_C238   23.80  21.405  157.831  1   0     0    0  OMEGA C (Kaneohe, Hawaii)
OMEGA_C239   23.90  21.405  157.831  1   0     0    0  OMEGA C (Kaneohe, Hawaii)
OMEGA_C240   24.00  21.405  157.831  1   0     0    0  OMEGA C (Kaneohe, Hawaii)
OMEGA_C241   24.10  21.405  157.831  1   0     0    0  OMEGA C (Kaneohe, Hawaii)
OMEGA_C242   24.20  21.405  157.831  1   0     0    0  OMEGA C (Kaneohe, Hawaii)
OMEGA_C243   24.30  21.405  157.831  1   0     0    0  OMEGA C (Kaneohe, Hawaii)
OMEGA_C244   24.40  21.405  157.831  1   0     0    0  OMEGA C (Kaneohe, Hawaii)
OMEGA_C245   24.50  21.405  157.831  1   0     0    0  OMEGA C (Kaneohe, Hawaii)
OMEGA_C246   24.60  21.405  157.831  1   0     0    0  OMEGA C (Kaneohe, Hawaii)
OMEGA_C247   24.70  21.405  157.831  1   0     0    0  OMEGA C (Kaneohe, Hawaii)
OMEGA_C248   24.80  21.405  157.831  1   0     0    0  OMEGA C (Kaneohe, Hawaii)
OMEGA_C249   24.90  21.405  157.831  1   0     0    0  OMEGA C (Kaneohe, Hawaii)
OMEGA_C250   25.00  21.405  157.831  1   0     0    0  OMEGA C (Kaneohe, Hawaii)
OMEGA_C251   25.10  21.405  157.831  1   0     0    0  OMEGA C (Kaneohe, Hawaii)
OMEGA_C252   25.20  21.405  157.831  1   0     0    0  OMEGA C (Kaneohe, Hawaii)
OMEGA_C253   25.30  21.405  157.831  1   0     0    0  OMEGA C (Kaneohe, Hawaii)
OMEGA_C254   25.40  21.405  157.831  1   0     0    0  OMEGA C (Kaneohe, Hawaii)
OMEGA_C255   25.50  21.405  157.831  1   0     0    0  OMEGA C (Kaneohe, Hawaii)
OMEGA_C256   25.60  21.405  157.831  1   0     0    0  OMEGA C (Kaneohe, Hawaii)
OMEGA_C257   25.70  21.405  157.831  1   0     0    0  OMEGA C (Kaneohe, Hawaii)
OMEGA_C258   25.80  21.405  157.831  1   0     0    0  OMEGA C (Kaneohe, Hawaii)
OMEGA_C259   25.90  21.405  157.831  1   0     0    0  OMEGA C (Kaneohe, Hawaii)
OMEGA_C260   26.00  21.405  157.831  1   0     0    0  OMEGA C (Kaneohe, Hawaii)
OMEGA_C261   26.10  21.405  157.831  1   0     0    0  OMEGA C (Kaneohe, Hawaii)
OMEGA_C262   26.20  21.405  157.831  1   0     0    0  OMEGA C (Kaneohe, Hawaii)
OMEGA_C263   26.30  21.405  157.831  1   0     0    0  OMEGA C (Kaneohe, Hawaii)
OMEGA_C264   26.40  21.405  157.831  1   0     0    0  OMEGA C (Kaneohe, Hawaii)
OMEGA_C265   26.50  21.405  157.831  1   0     0    0  OMEGA C (Kaneohe, Hawaii)
OMEGA_C266   26.60  21.405  157.831  1   0     0    0  OMEGA C (Kaneohe, Hawaii)
OMEGA_C267   26.70  21.405  157.831  1   0     0    0  OMEGA C (Kaneohe, Hawaii)
OMEGA_C268   26.80  21.405  157.831  1   0     0    0  OMEGA C (Kaneohe, Hawaii)
OMEGA_C269   26.90  21.405  157.831  1   0     0    0  OMEGA C (Kaneohe, Hawaii)
OMEGA_C270   27.00  21.405  157.831  1   0     0    0  OMEGA C (Kaneohe, Hawaii)
OMEGA_C271   27.10  21.405  157.831  1   0     0    0  OMEGA C (Kaneohe, Hawaii)
OMEGA_C272   27.20  21.405  157.831  1   0     0    0  OMEGA C (Kaneohe, Hawaii)
OMEGA_C273   27.30  21.405  157.831  1   0     0    0  OMEGA C (Kaneohe, Hawaii)
OMEGA_C274   27.40  21.405  157.831  1   0     0    0  OMEGA C (Kaneohe, Hawaii)
OMEGA_C275   27.50  21.405  157.831  1   0     0    0  OMEGA C (Kaneohe, Hawaii)
OMEGA_C276   27.60  21.405  157.831  1   0     0    0  OMEGA C (Kaneohe, Hawaii)
OMEGA_C277   27.70  21.405  157.831  1   0     0    0  OMEGA C (Kaneohe, Hawaii)
OMEGA_C278   27.80  21.405  157.831  1   0     0    0  OMEGA C (Kaneohe, Hawaii)
OMEGA_C279   27.90  21.405  157.831  1   0     0    0  OMEGA C (Kaneohe, Hawaii)
OMEGA_C280   28.00  21.405  157.831  1   0     0    0  OMEGA C (Kaneohe, Hawaii)
OMEGA_C281   28.10  21.405  157.831  1   0     0    0  OMEGA C (Kaneohe, Hawaii)
OMEGA_C282   28.20  21.405  157.831  1   0     0    0  OMEGA C (Kaneohe, Hawaii)
OMEGA_C283   28.30  21.405  157.831  1   0     0    0  OMEGA C (Kaneohe, Hawaii)
OMEGA_C284   28.40  21.405  157.831  1   0     0    0  OMEGA C (Kaneohe, Hawaii)
OMEGA_C285   28.50  21.405  157.831  1   0     0    0  OMEGA C (Kaneohe, Hawaii)
OMEGA_C286   28.60  21.405  157.831  1   0     0    0  OMEGA C (Kaneohe, Hawaii)
OMEGA_C287   28.70  21.405  157.831  1   0     0    0  OMEGA C (Kaneohe, Hawaii)
OMEGA_C288   28.80  21.405  157.831  1   0     0    0  OMEGA C (Kaneohe, Hawaii)
OMEGA_C289   28.90  21.405  157.831  1   0     0    0  OMEGA C (Kaneohe, Hawaii)
OMEGA_C290   29.00  21.405  157.831  1   0     0    0  OMEGA C (Kaneohe, Hawaii)
OMEGA_C291   29.10  21.405  157.831  1   0     0    0  OMEGA C (Kaneohe, Hawaii)
OMEGA_C292   29.20  21.405  157.831  1   0     0    0  OMEGA C (Kaneohe, Hawaii)
OMEGA_C293   29.30  21.405  157.831  1   0     0    0  OMEGA C (Kaneohe, Hawaii)
OMEGA_C294   29.40  21.405  157.831  1   0     0    0  OMEGA C (Kaneohe, Hawaii)
OMEGA_C295   29.50  21.405  157.831  1   0     0    0  OMEGA C (Kaneohe, Hawaii)
OMEGA_C296   29.60  21.405  157.831  1   0     0    0  OMEGA C (Kaneohe, Hawaii)
OMEGA_C297   29.70  21.405  157.831  1   0     0    0  OMEGA C (Kaneohe, Hawaii)
OMEGA_C298   29.80  21.405  157.831  1   0     0    0  OMEGA C (Kaneohe, Hawaii)
OMEGA_C299   29.90  21.405  157.831  1   0     0    0  OMEGA C (Kaneohe, Hawaii)
OMEGA_C300   30.00  21.405  157.831  1   0     0    0  OMEGA C (Kaneohe, Hawaii)
OMEGA_D080    8.00  46.366   98.336  1   0     0    0  OMEGA D (La Moure, North Dakota)
OMEGA_D081    8.10  46.366   98.336  1   0     0    0  OMEGA D (La Moure, North Dakota)
OMEGA_D082    8.20  46.366   98.336  1   0     0    0  OMEGA D (La Moure, North Dakota)
OMEGA_D083    8.30  46.366   98.336  1   0     0    0  OMEGA D (La Moure, North Dakota)
OMEGA_D084    8.40  46.366   98.336  1   0     0    0  OMEGA D (La Moure, North Dakota)
OMEGA_D085    8.50  46.366   98.336  1   0     0    0  OMEGA D (La Moure, North Dakota)
OMEGA_D086    8.60  46.366   98.336  1   0     0    0  OMEGA D (La Moure, North Dakota)
OMEGA_D087    8.70  46.366   98.336  1   0     0    0  OMEGA D (La Moure, North Dakota)
OMEGA_D088    8.80  46.366   98.336  1   0     0    0  OMEGA D (La Moure, North Dakota)
OMEGA_D089    8.90  46.366   98.336  1   0     0    0  OMEGA D (La Moure, North Dakota)
OMEGA_D090    9.00  46.366   98.336  1   0     0    0  OMEGA D (La Moure, North Dakota)
OMEGA_D091    9.10  46.366   98.336  1   0     0    0  OMEGA D (La Moure, North Dakota)
OMEGA_D092    9.20  46.366   98.336  1   0     0    0  OMEGA D (La Moure, North Dakota)
OMEGA_D093    9.30  46.366   98.336  1   0     0    0  OMEGA D (La Moure, North Dakota)
OMEGA_D094    9.40  46.366   98.336  1   0     0    0  OMEGA D (La Moure, North Dakota)
OMEGA_D095    9.50  46.366   98.336  1   0     0    0  OMEGA D (La Moure, North Dakota)
OMEGA_D096    9.60  46.366   98.336  1   0     0    0  OMEGA D (La Moure, North Dakota)
OMEGA_D097    9.70  46.366   98.336  1   0     0    0  OMEGA D (La Moure, North Dakota)
OMEGA_D098    9.80  46.366   98.336  1   0     0    0  OMEGA D (La Moure, North Dakota)
OMEGA_D099    9.90  46.366   98.336  1   0     0    0  OMEGA D (La Moure, North Dakota)
OMEGA_D100   10.00  46.366   98.336  1   0     0    0  OMEGA D (La Moure, North Dakota)
OMEGA_D101   10.10  46.366   98.336  1   0     0    0  OMEGA D (La Moure, North Dakota)
OMEGA_D102   10.20  46.366   98.336  1   0     0    0  OMEGA D (La Moure, North Dakota)
OMEGA_D103   10.30  46.366   98.336  1   0     0    0  OMEGA D (La Moure, North Dakota)
OMEGA_D104   10.40  46.366   98.336  1   0     0    0  OMEGA D (La Moure, North Dakota)
OMEGA_D105   10.50  46.366   98.336  1   0     0    0  OMEGA D (La Moure, North Dakota)
OMEGA_D106   10.60  46.366   98.336  1   0     0    0  OMEGA D (La Moure, North Dakota)
OMEGA_D107   10.70  46.366   98.336  1   0     0    0  OMEGA D (La Moure, North Dakota)
OMEGA_D108   10.80  46.366   98.336  1   0     0    0  OMEGA D (La Moure, North Dakota)
OMEGA_D109   10.90  46.366   98.336  1   0     0    0  OMEGA D (La Moure, North Dakota)
OMEGA_D110   11.00  46.366   98.336  1   0     0    0  OMEGA D (La Moure, North Dakota)
OMEGA_D111   11.10  46.366   98.336  1   0     0    0  OMEGA D (La Moure, North Dakota)
OMEGA_D112   11.20  46.366   98.336  1   0     0    0  OMEGA D (La Moure, North Dakota)
OMEGA_D113   11.30  46.366   98.336  1   0     0    0  OMEGA D (La Moure, North Dakota)
OMEGA_D114   11.40  46.366   98.336  1   0     0    0  OMEGA D (La Moure, North Dakota)
OMEGA_D115   11.50  46.366   98.336  1   0     0    0  OMEGA D (La Moure, North Dakota)
OMEGA_D116   11.60  46.366   98.336  1   0     0    0  OMEGA D (La Moure, North Dakota)
OMEGA_D117   11.70  46.366   98.336  1   0     0    0  OMEGA D (La Moure, North Dakota)
OMEGA_D118   11.80  46.366   98.336  1   0     0    0  OMEGA D (La Moure, North Dakota)
OMEGA_D119   11.90  46.366   98.336  1   0     0    0  OMEGA D (La Moure, North Dakota)
OMEGA_D120   12.00  46.366   98.336  1   0     0    0  OMEGA D (La Moure, North Dakota)
OMEGA_D121   12.10  46.366   98.336  1   0     0    0  OMEGA D (La Moure, North Dakota)
OMEGA_D122   12.20  46.366   98.336  1   0     0    0  OMEGA D (La Moure, North Dakota)
OMEGA_D123   12.30  46.366   98.336  1   0     0    0  OMEGA D (La Moure, North Dakota)
OMEGA_D124   12.40  46.366   98.336  1   0     0    0  OMEGA D (La Moure, North Dakota)
OMEGA_D125   12.50  46.366   98.336  1   0     0    0  OMEGA D (La Moure, North Dakota)
OMEGA_D126   12.60  46.366   98.336  1   0     0    0  OMEGA D (La Moure, North Dakota)
OMEGA_D127   12.70  46.366   98.336  1   0     0    0  OMEGA D (La Moure, North Dakota)
OMEGA_D128   12.80  46.366   98.336  1   0     0    0  OMEGA D (La Moure, North Dakota)
OMEGA_D129   12.90  46.366   98.336  1   0     0    0  OMEGA D (La Moure, North Dakota)
OMEGA_D130   13.00  46.366   98.336  1   0     0    0  OMEGA D (La Moure, North Dakota)
OMEGA_D131   13.10  46.366   98.336  1   0     0    0  OMEGA D (La Moure, North Dakota)
OMEGA_D132   13.20  46.366   98.336  1   0     0    0  OMEGA D (La Moure, North Dakota)
OMEGA_D133   13.30  46.366   98.336  1   0     0    0  OMEGA D (La Moure, North Dakota)
OMEGA_D134   13.40  46.366   98.336  1   0     0    0  OMEGA D (La Moure, North Dakota)
OMEGA_D135   13.50  46.366   98.336  1   0     0    0  OMEGA D (La Moure, North Dakota)
OMEGA_D136   13.60  46.366   98.336  1   0     0    0  OMEGA D (La Moure, North Dakota)
OMEGA_D137   13.70  46.366   98.336  1   0     0    0  OMEGA D (La Moure, North Dakota)
OMEGA_D138   13.80  46.366   98.336  1   0     0    0  OMEGA D (La Moure, North Dakota)
OMEGA_D139   13.90  46.366   98.336  1   0     0    0  OMEGA D (La Moure, North Dakota)
OMEGA_D140   14.00  46.366   98.336  1   0     0    0  OMEGA D (La Moure, North Dakota)
OMEGA_D141   14.10  46.366   98.336  1   0     0    0  OMEGA D (La Moure, North Dakota)
OMEGA_D142   14.20  46.366   98.336  1   0     0    0  OMEGA D (La Moure, North Dakota)
OMEGA_D143   14.30  46.366   98.336  1   0     0    0  OMEGA D (La Moure, North Dakota)
OMEGA_D144   14.40  46.366   98.336  1   0     0    0  OMEGA D (La Moure, North Dakota)
OMEGA_D145   14.50  46.366   98.336  1   0     0    0  OMEGA D (La Moure, North Dakota)
OMEGA_D146   14.60  46.366   98.336  1   0     0    0  OMEGA D (La Moure, North Dakota)
OMEGA_D147   14.70  46.366   98.336  1   0     0    0  OMEGA D (La Moure, North Dakota)
OMEGA_D148   14.80  46.366   98.336  1   0     0    0  OMEGA D (La Moure, North Dakota)
OMEGA_D149   14.90  46.366   98.336  1   0     0    0  OMEGA D (La Moure, North Dakota)
OMEGA_D150   15.00  46.366   98.336  1   0     0    0  OMEGA D (La Moure, North Dakota)
OMEGA_D151   15.10  46.366   98.336  1   0     0    0  OMEGA D (La Moure, North Dakota)
OMEGA_D152   15.20  46.366   98.336  1   0     0    0  OMEGA D (La Moure, North Dakota)
OMEGA_D153   15.30  46.366   98.336  1   0     0    0  OMEGA D (La Moure, North Dakota)
OMEGA_D154   15.40  46.366   98.336  1   0     0    0  OMEGA D (La Moure, North Dakota)
OMEGA_D155   15.50  46.366   98.336  1   0     0    0  OMEGA D (La Moure, North Dakota)
OMEGA_D156   15.60  46.366   98.336  1   0     0    0  OMEGA D (La Moure, North Dakota)
OMEGA_D157   15.70  46.366   98.336  1   0     0    0  OMEGA D (La Moure, North Dakota)
OMEGA_D158   15.80  46.366   98.336  1   0     0    0  OMEGA D (La Moure, North Dakota)
OMEGA_D159   15.90  46.366   98.336  1   0     0    0  OMEGA D (La Moure, North Dakota)
OMEGA_D160   16.00  46.366   98.336  1   0     0    0  OMEGA D (La Moure, North Dakota)
OMEGA_D161   16.10  46.366   98.336  1   0     0    0  OMEGA D (La Moure, North Dakota)
OMEGA_D162   16.20  46.366   98.336  1   0     0    0  OMEGA D (La Moure, North Dakota)
OMEGA_D163   16.30  46.366   98.336  1   0     0    0  OMEGA D (La Moure, North Dakota)
OMEGA_D164   16.40  46.366   98.336  1   0     0    0  OMEGA D (La Moure, North Dakota)
OMEGA_D165   16.50  46.366   98.336  1   0     0    0  OMEGA D (La Moure, North Dakota)
OMEGA_D166   16.60  46.366   98.336  1   0     0    0  OMEGA D (La Moure, North Dakota)
OMEGA_D167   16.70  46.366   98.336  1   0     0    0  OMEGA D (La Moure, North Dakota)
OMEGA_D168   16.80  46.366   98.336  1   0     0    0  OMEGA D (La Moure, North Dakota)
OMEGA_D169   16.90  46.366   98.336  1   0     0    0  OMEGA D (La Moure, North Dakota)
OMEGA_D170   17.00  46.366   98.336  1   0     0    0  OMEGA D (La Moure, North Dakota)
OMEGA_D171   17.10  46.366   98.336  1   0     0    0  OMEGA D (La Moure, North Dakota)
OMEGA_D172   17.20  46.366   98.336  1   0     0    0  OMEGA D (La Moure, North Dakota)
OMEGA_D173   17.30  46.366   98.336  1   0     0    0  OMEGA D (La Moure, North Dakota)
OMEGA_D174   17.40  46.366   98.336  1   0     0    0  OMEGA D (La Moure, North Dakota)
OMEGA_D175   17.50  46.366   98.336  1   0     0    0  OMEGA D (La Moure, North Dakota)
OMEGA_D176   17.60  46.366   98.336  1   0     0    0  OMEGA D (La Moure, North Dakota)
OMEGA_D177   17.70  46.366   98.336  1   0     0    0  OMEGA D (La Moure, North Dakota)
OMEGA_D178   17.80  46.366   98.336  1   0     0    0  OMEGA D (La Moure, North Dakota)
OMEGA_D179   17.90  46.366   98.336  1   0     0    0  OMEGA D (La Moure, North Dakota)
OMEGA_D180   18.00  46.366   98.336  1   0     0    0  OMEGA D (La Moure, North Dakota)
OMEGA_D181   18.10  46.366   98.336  1   0     0    0  OMEGA D (La Moure, North Dakota)
OMEGA_D182   18.20  46.366   98.336  1   0     0    0  OMEGA D (La Moure, North Dakota)
OMEGA_D183   18.30  46.366   98.336  1   0     0    0  OMEGA D (La Moure, North Dakota)
OMEGA_D184   18.40  46.366   98.336  1   0     0    0  OMEGA D (La Moure, North Dakota)
OMEGA_D185   18.50  46.366   98.336  1   0     0    0  OMEGA D (La Moure, North Dakota)
OMEGA_D186   18.60  46.366   98.336  1   0     0    0  OMEGA D (La Moure, North Dakota)
OMEGA_D187   18.70  46.366   98.336  1   0     0    0  OMEGA D (La Moure, North Dakota)
OMEGA_D188   18.80  46.366   98.336  1   0     0    0  OMEGA D (La Moure, North Dakota)
OMEGA_D189   18.90  46.366   98.336  1   0     0    0  OMEGA D (La Moure, North Dakota)
OMEGA_D190   19.00  46.366   98.336  1   0     0    0  OMEGA D (La Moure, North Dakota)
OMEGA_D191   19.10  46.366   98.336  1   0     0    0  OMEGA D (La Moure, North Dakota)
OMEGA_D192   19.20  46.366   98.336  1   0     0    0  OMEGA D (La Moure, North Dakota)
OMEGA_D193   19.30  46.366   98.336  1   0     0    0  OMEGA D (La Moure, North Dakota)
OMEGA_D194   19.40  46.366   98.336  1   0     0    0  OMEGA D (La Moure, North Dakota)
OMEGA_D195   19.50  46.366   98.336  1   0     0    0  OMEGA D (La Moure, North Dakota)
OMEGA_D196   19.60  46.366   98.336  1   0     0    0  OMEGA D (La Moure, North Dakota)
OMEGA_D197   19.70  46.366   98.336  1   0     0    0  OMEGA D (La Moure, North Dakota)
OMEGA_D198   19.80  46.366   98.336  1   0     0    0  OMEGA D (La Moure, North Dakota)
OMEGA_D199   19.90  46.366   98.336  1   0     0    0  OMEGA D (La Moure, North Dakota)
OMEGA_D200   20.00  46.366   98.336  1   0     0    0  OMEGA D (La Moure, North Dakota)
OMEGA_D201   20.10  46.366   98.336  1   0     0    0  OMEGA D (La Moure, North Dakota)
OMEGA_D202   20.20  46.366   98.336  1   0     0    0  OMEGA D (La Moure, North Dakota)
OMEGA_D203   20.30  46.366   98.336  1   0     0    0  OMEGA D (La Moure, North Dakota)
OMEGA_D204   20.40  46.366   98.336  1   0     0    0  OMEGA D (La Moure, North Dakota)
OMEGA_D205   20.50  46.366   98.336  1   0     0    0  OMEGA D (La Moure, North Dakota)
OMEGA_D206   20.60  46.366   98.336  1   0     0    0  OMEGA D (La Moure, North Dakota)
OMEGA_D207   20.70  46.366   98.336  1   0     0    0  OMEGA D (La Moure, North Dakota)
OMEGA_D208   20.80  46.366   98.336  1   0     0    0  OMEGA D (La Moure, North Dakota)
OMEGA_D209   20.90  46.366   98.336  1   0     0    0  OMEGA D (La Moure, North Dakota)
OMEGA_D210   21.00  46.366   98.336  1   0     0    0  OMEGA D (La Moure, North Dakota)
OMEGA_D211   21.10  46.366   98.336  1   0     0    0  OMEGA D (La Moure, North Dakota)
OMEGA_D212   21.20  46.366   98.336  1   0     0    0  OMEGA D (La Moure, North Dakota)
OMEGA_D213   21.30  46.366   98.336  1   0     0    0  OMEGA D (La Moure, North Dakota)
OMEGA_D214   21.40  46.366   98.336  1   0     0    0  OMEGA D (La Moure, North Dakota)
OMEGA_D215   21.50  46.366   98.336  1   0     0    0  OMEGA D (La Moure, North Dakota)
OMEGA_D216   21.60  46.366   98.336  1   0     0    0  OMEGA D (La Moure, North Dakota)
OMEGA_D217   21.70  46.366   98.336  1   0     0    0  OMEGA D (La Moure, North Dakota)
OMEGA_D218   21.80  46.366   98.336  1   0     0    0  OMEGA D (La Moure, North Dakota)
OMEGA_D219   21.90  46.366   98.336  1   0     0    0  OMEGA D (La Moure, North Dakota)
OMEGA_D220   22.00  46.366   98.336  1   0     0    0  OMEGA D (La Moure, North Dakota)
OMEGA_D221   22.10  46.366   98.336  1   0     0    0  OMEGA D (La Moure, North Dakota)
OMEGA_D222   22.20  46.366   98.336  1   0     0    0  OMEGA D (La Moure, North Dakota)
OMEGA_D223   22.30  46.366   98.336  1   0     0    0  OMEGA D (La Moure, North Dakota)
OMEGA_D224   22.40  46.366   98.336  1   0     0    0  OMEGA D (La Moure, North Dakota)
OMEGA_D225   22.50  46.366   98.336  1   0     0    0  OMEGA D (La Moure, North Dakota)
OMEGA_D226   22.60  46.366   98.336  1   0     0    0  OMEGA D (La Moure, North Dakota)
OMEGA_D227   22.70  46.366   98.336  1   0     0    0  OMEGA D (La Moure, North Dakota)
OMEGA_D228   22.80  46.366   98.336  1   0     0    0  OMEGA D (La Moure, North Dakota)
OMEGA_D229   22.90  46.366   98.336  1   0     0    0  OMEGA D (La Moure, North Dakota)
OMEGA_D230   23.00  46.366   98.336  1   0     0    0  OMEGA D (La Moure, North Dakota)
OMEGA_D231   23.10  46.366   98.336  1   0     0    0  OMEGA D (La Moure, North Dakota)
OMEGA_D232   23.20  46.366   98.336  1   0     0    0  OMEGA D (La Moure, North Dakota)
OMEGA_D233   23.30  46.366   98.336  1   0     0    0  OMEGA D (La Moure, North Dakota)
OMEGA_D234   23.40  46.366   98.336  1   0     0    0  OMEGA D (La Moure, North Dakota)
OMEGA_D235   23.50  46.366   98.336  1   0     0    0  OMEGA D (La Moure, North Dakota)
OMEGA_D236   23.60  46.366   98.336  1   0     0    0  OMEGA D (La Moure, North Dakota)
OMEGA_D237   23.70  46.366   98.336  1   0     0    0  OMEGA D (La Moure, North Dakota)
OMEGA_D238   23.80  46.366   98.336  1   0     0    0  OMEGA D (La Moure, North Dakota)
OMEGA_D239   23.90  46.366   98.336  1   0     0    0  OMEGA D (La Moure, North Dakota)
OMEGA_D240   24.00  46.366   98.336  1   0     0    0  OMEGA D (La Moure, North Dakota)
OMEGA_D241   24.10  46.366   98.336  1   0     0    0  OMEGA D (La Moure, North Dakota)
OMEGA_D242   24.20  46.366   98.336  1   0     0    0  OMEGA D (La Moure, North Dakota)
OMEGA_D243   24.30  46.366   98.336  1   0     0    0  OMEGA D (La Moure, North Dakota)
OMEGA_D244   24.40  46.366   98.336  1   0     0    0  OMEGA D (La Moure, North Dakota)
OMEGA_D245   24.50  46.366   98.336  1   0     0    0  OMEGA D (La Moure, North Dakota)
OMEGA_D246   24.60  46.366   98.336  1   0     0    0  OMEGA D (La Moure, North Dakota)
OMEGA_D247   24.70  46.366   98.336  1   0     0    0  OMEGA D (La Moure, North Dakota)
OMEGA_D248   24.80  46.366   98.336  1   0     0    0  OMEGA D (La Moure, North Dakota)
OMEGA_D249   24.90  46.366   98.336  1   0     0    0  OMEGA D (La Moure, North Dakota)
OMEGA_D250   25.00  46.366   98.336  1   0     0    0  OMEGA D (La Moure, North Dakota)
OMEGA_D251   25.10  46.366   98.336  1   0     0    0  OMEGA D (La Moure, North Dakota)
OMEGA_D252   25.20  46.366   98.336  1   0     0    0  OMEGA D (La Moure, North Dakota)
OMEGA_D253   25.30  46.366   98.336  1   0     0    0  OMEGA D (La Moure, North Dakota)
OMEGA_D254   25.40  46.366   98.336  1   0     0    0  OMEGA D (La Moure, North Dakota)
OMEGA_D255   25.50  46.366   98.336  1   0     0    0  OMEGA D (La Moure, North Dakota)
OMEGA_D256   25.60  46.366   98.336  1   0     0    0  OMEGA D (La Moure, North Dakota)
OMEGA_D257   25.70  46.366   98.336  1   0     0    0  OMEGA D (La Moure, North Dakota)
OMEGA_D258   25.80  46.366   98.336  1   0     0    0  OMEGA D (La Moure, North Dakota)
OMEGA_D259   25.90  46.366   98.336  1   0     0    0  OMEGA D (La Moure, North Dakota)
OMEGA_D260   26.00  46.366   98.336  1   0     0    0  OMEGA D (La Moure, North Dakota)
OMEGA_D261   26.10  46.366   98.336  1   0     0    0  OMEGA D (La Moure, North Dakota)
OMEGA_D262   26.20  46.366   98.336  1   0     0    0  OMEGA D (La Moure, North Dakota)
OMEGA_D263   26.30  46.366   98.336  1   0     0    0  OMEGA D (La Moure, North Dakota)
OMEGA_D264   26.40  46.366   98.336  1   0     0    0  OMEGA D (La Moure, North Dakota)
OMEGA_D265   26.50  46.366   98.336  1   0     0    0  OMEGA D (La Moure, North Dakota)
OMEGA_D266   26.60  46.366   98.336  1   0     0    0  OMEGA D (La Moure, North Dakota)
OMEGA_D267   26.70  46.366   98.336  1   0     0    0  OMEGA D (La Moure, North Dakota)
OMEGA_D268   26.80  46.366   98.336  1   0     0    0  OMEGA D (La Moure, North Dakota)
OMEGA_D269   26.90  46.366   98.336  1   0     0    0  OMEGA D (La Moure, North Dakota)
OMEGA_D270   27.00  46.366   98.336  1   0     0    0  OMEGA D (La Moure, North Dakota)
OMEGA_D271   27.10  46.366   98.336  1   0     0    0  OMEGA D (La Moure, North Dakota)
OMEGA_D272   27.20  46.366   98.336  1   0     0    0  OMEGA D (La Moure, North Dakota)
OMEGA_D273   27.30  46.366   98.336  1   0     0    0  OMEGA D (La Moure, North Dakota)
OMEGA_D274   27.40  46.366   98.336  1   0     0    0  OMEGA D (La Moure, North Dakota)
OMEGA_D275   27.50  46.366   98.336  1   0     0    0  OMEGA D (La Moure, North Dakota)
OMEGA_D276   27.60  46.366   98.336  1   0     0    0  OMEGA D (La Moure, North Dakota)
OMEGA_D277   27.70  46.366   98.336  1   0     0    0  OMEGA D (La Moure, North Dakota)
OMEGA_D278   27.80  46.366   98.336  1   0     0    0  OMEGA D (La Moure, North Dakota)
OMEGA_D279   27.90  46.366   98.336  1   0     0    0  OMEGA D (La Moure, North Dakota)
OMEGA_D280   28.00  46.366   98.336  1   0     0    0  OMEGA D (La Moure, North Dakota)
OMEGA_D281   28.10  46.366   98.336  1   0     0    0  OMEGA D (La Moure, North Dakota)
OMEGA_D282   28.20  46.366   98.336  1   0     0    0  OMEGA D (La Moure, North Dakota)
OMEGA_D283   28.30  46.366   98.336  1   0     0    0  OMEGA D (La Moure, North Dakota)
OMEGA_D284   28.40  46.366   98.336  1   0     0    0  OMEGA D (La Moure, North Dakota)
OMEGA_D285   28.50  46.366   98.336  1   0     0    0  OMEGA D (La Moure, North Dakota)
OMEGA_D286   28.60  46.366   98.336  1   0     0    0  OMEGA D (La Moure, North Dakota)
OMEGA_D287   28.70  46.366   98.336  1   0     0    0  OMEGA D (La Moure, North Dakota)
OMEGA_D288   28.80  46.366   98.336  1   0     0    0  OMEGA D (La Moure, North Dakota)
OMEGA_D289   28.90  46.366   98.336  1   0     0    0  OMEGA D (La Moure, North Dakota)
OMEGA_D290   29.00  46.366   98.336  1   0     0    0  OMEGA D (La Moure, North Dakota)
OMEGA_D291   29.10  46.366   98.336  1   0     0    0  OMEGA D (La Moure, North Dakota)
OMEGA_D292   29.20  46.366   98.336  1   0     0    0  OMEGA D (La Moure, North Dakota)
OMEGA_D293   29.30  46.366   98.336  1   0     0    0  OMEGA D (La Moure, North Dakota)
OMEGA_D294   29.40  46.366   98.336  1   0     0    0  OMEGA D (La Moure, North Dakota)
OMEGA_D295   29.50  46.366   98.336  1   0     0    0  OMEGA D (La Moure, North Dakota)
OMEGA_D296   29.60  46.366   98.336  1   0     0    0  OMEGA D (La Moure, North Dakota)
OMEGA_D297   29.70  46.366   98.336  1   0     0    0  OMEGA D (La Moure, North Dakota)
OMEGA_D298   29.80  46.366   98.336  1   0     0    0  OMEGA D (La Moure, North Dakota)
OMEGA_D299   29.90  46.366   98.336  1   0     0    0  OMEGA D (La Moure, North Dakota)
OMEGA_D300   30.00  46.366   98.336  1   0     0    0  OMEGA D (La Moure, North Dakota)
OMEGA_E080    8.00 -20.974  -55.290  1   0     0    0  OMEGA E (La Reunion)
OMEGA_E081    8.10 -20.974  -55.290  1   0     0    0  OMEGA E (La Reunion)
OMEGA_E082    8.20 -20.974  -55.290  1   0     0    0  OMEGA E (La Reunion)
OMEGA_E083    8.30 -20.974  -55.290  1   0     0    0  OMEGA E (La Reunion)
OMEGA_E084    8.40 -20.974  -55.290  1   0     0    0  OMEGA E (La Reunion)
OMEGA_E085    8.50 -20.974  -55.290  1   0     0    0  OMEGA E (La Reunion)
OMEGA_E086    8.60 -20.974  -55.290  1   0     0    0  OMEGA E (La Reunion)
OMEGA_E087    8.70 -20.974  -55.290  1   0     0    0  OMEGA E (La Reunion)
OMEGA_E088    8.80 -20.974  -55.290  1   0     0    0  OMEGA E (La Reunion)
OMEGA_E089    8.90 -20.974  -55.290  1   0     0    0  OMEGA E (La Reunion)
OMEGA_E090    9.00 -20.974  -55.290  1   0     0    0  OMEGA E (La Reunion)
OMEGA_E091    9.10 -20.974  -55.290  1   0     0    0  OMEGA E (La Reunion)
OMEGA_E092    9.20 -20.974  -55.290  1   0     0    0  OMEGA E (La Reunion)
OMEGA_E093    9.30 -20.974  -55.290  1   0     0    0  OMEGA E (La Reunion)
OMEGA_E094    9.40 -20.974  -55.290  1   0     0    0  OMEGA E (La Reunion)
OMEGA_E095    9.50 -20.974  -55.290  1   0     0    0  OMEGA E (La Reunion)
OMEGA_E096    9.60 -20.974  -55.290  1   0     0    0  OMEGA E (La Reunion)
OMEGA_E097    9.70 -20.974  -55.290  1   0     0    0  OMEGA E (La Reunion)
OMEGA_E098    9.80 -20.974  -55.290  1   0     0    0  OMEGA E (La Reunion)
OMEGA_E099    9.90 -20.974  -55.290  1   0     0    0  OMEGA E (La Reunion)
OMEGA_E100   10.00 -20.974  -55.290  1   0     0    0  OMEGA E (La Reunion)
OMEGA_E101   10.10 -20.974  -55.290  1   0     0    0  OMEGA E (La Reunion)
OMEGA_E102   10.20 -20.974  -55.290  1   0     0    0  OMEGA E (La Reunion)
OMEGA_E103   10.30 -20.974  -55.290  1   0     0    0  OMEGA E (La Reunion)
OMEGA_E104   10.40 -20.974  -55.290  1   0     0    0  OMEGA E (La Reunion)
OMEGA_E105   10.50 -20.974  -55.290  1   0     0    0  OMEGA E (La Reunion)
OMEGA_E106   10.60 -20.974  -55.290  1   0     0    0  OMEGA E (La Reunion)
OMEGA_E107   10.70 -20.974  -55.290  1   0     0    0  OMEGA E (La Reunion)
OMEGA_E108   10.80 -20.974  -55.290  1   0     0    0  OMEGA E (La Reunion)
OMEGA_E109   10.90 -20.974  -55.290  1   0     0    0  OMEGA E (La Reunion)
OMEGA_E110   11.00 -20.974  -55.290  1   0     0    0  OMEGA E (La Reunion)
OMEGA_E111   11.10 -20.974  -55.290  1   0     0    0  OMEGA E (La Reunion)
OMEGA_E112   11.20 -20.974  -55.290  1   0     0    0  OMEGA E (La Reunion)
OMEGA_E113   11.30 -20.974  -55.290  1   0     0    0  OMEGA E (La Reunion)
OMEGA_E114   11.40 -20.974  -55.290  1   0     0    0  OMEGA E (La Reunion)
OMEGA_E115   11.50 -20.974  -55.290  1   0     0    0  OMEGA E (La Reunion)
OMEGA_E116   11.60 -20.974  -55.290  1   0     0    0  OMEGA E (La Reunion)
OMEGA_E117   11.70 -20.974  -55.290  1   0     0    0  OMEGA E (La Reunion)
OMEGA_E118   11.80 -20.974  -55.290  1   0     0    0  OMEGA E (La Reunion)
OMEGA_E119   11.90 -20.974  -55.290  1   0     0    0  OMEGA E (La Reunion)
OMEGA_E120   12.00 -20.974  -55.290  1   0     0    0  OMEGA E (La Reunion)
OMEGA_E121   12.10 -20.974  -55.290  1   0     0    0  OMEGA E (La Reunion)
OMEGA_E122   12.20 -20.974  -55.290  1   0     0    0  OMEGA E (La Reunion)
OMEGA_E123   12.30 -20.974  -55.290  1   0     0    0  OMEGA E (La Reunion)
OMEGA_E124   12.40 -20.974  -55.290  1   0     0    0  OMEGA E (La Reunion)
OMEGA_E125   12.50 -20.974  -55.290  1   0     0    0  OMEGA E (La Reunion)
OMEGA_E126   12.60 -20.974  -55.290  1   0     0    0  OMEGA E (La Reunion)
OMEGA_E127   12.70 -20.974  -55.290  1   0     0    0  OMEGA E (La Reunion)
OMEGA_E128   12.80 -20.974  -55.290  1   0     0    0  OMEGA E (La Reunion)
OMEGA_E129   12.90 -20.974  -55.290  1   0     0    0  OMEGA E (La Reunion)
OMEGA_E130   13.00 -20.974  -55.290  1   0     0    0  OMEGA E (La Reunion)
OMEGA_E131   13.10 -20.974  -55.290  1   0     0    0  OMEGA E (La Reunion)
OMEGA_E132   13.20 -20.974  -55.290  1   0     0    0  OMEGA E (La Reunion)
OMEGA_E133   13.30 -20.974  -55.290  1   0     0    0  OMEGA E (La Reunion)
OMEGA_E134   13.40 -20.974  -55.290  1   0     0    0  OMEGA E (La Reunion)
OMEGA_E135   13.50 -20.974  -55.290  1   0     0    0  OMEGA E (La Reunion)
OMEGA_E136   13.60 -20.974  -55.290  1   0     0    0  OMEGA E (La Reunion)
OMEGA_E137   13.70 -20.974  -55.290  1   0     0    0  OMEGA E (La Reunion)
OMEGA_E138   13.80 -20.974  -55.290  1   0     0    0  OMEGA E (La Reunion)
OMEGA_E139   13.90 -20.974  -55.290  1   0     0    0  OMEGA E (La Reunion)
OMEGA_E140   14.00 -20.974  -55.290  1   0     0    0  OMEGA E (La Reunion)
OMEGA_E141   14.10 -20.974  -55.290  1   0     0    0  OMEGA E (La Reunion)
OMEGA_E142   14.20 -20.974  -55.290  1   0     0    0  OMEGA E (La Reunion)
OMEGA_E143   14.30 -20.974  -55.290  1   0     0    0  OMEGA E (La Reunion)
OMEGA_E144   14.40 -20.974  -55.290  1   0     0    0  OMEGA E (La Reunion)
OMEGA_E145   14.50 -20.974  -55.290  1   0     0    0  OMEGA E (La Reunion)
OMEGA_E146   14.60 -20.974  -55.290  1   0     0    0  OMEGA E (La Reunion)
OMEGA_E147   14.70 -20.974  -55.290  1   0     0    0  OMEGA E (La Reunion)
OMEGA_E148   14.80 -20.974  -55.290  1   0     0    0  OMEGA E (La Reunion)
OMEGA_E149   14.90 -20.974  -55.290  1   0     0    0  OMEGA E (La Reunion)
OMEGA_E150   15.00 -20.974  -55.290  1   0     0    0  OMEGA E (La Reunion)
OMEGA_E151   15.10 -20.974  -55.290  1   0     0    0  OMEGA E (La Reunion)
OMEGA_E152   15.20 -20.974  -55.290  1   0     0    0  OMEGA E (La Reunion)
OMEGA_E153   15.30 -20.974  -55.290  1   0     0    0  OMEGA E (La Reunion)
OMEGA_E154   15.40 -20.974  -55.290  1   0     0    0  OMEGA E (La Reunion)
OMEGA_E155   15.50 -20.974  -55.290  1   0     0    0  OMEGA E (La Reunion)
OMEGA_E156   15.60 -20.974  -55.290  1   0     0    0  OMEGA E (La Reunion)
OMEGA_E157   15.70 -20.974  -55.290  1   0     0    0  OMEGA E (La Reunion)
OMEGA_E158   15.80 -20.974  -55.290  1   0     0    0  OMEGA E (La Reunion)
OMEGA_E159   15.90 -20.974  -55.290  1   0     0    0  OMEGA E (La Reunion)
OMEGA_E160   16.00 -20.974  -55.290  1   0     0    0  OMEGA E (La Reunion)
OMEGA_E161   16.10 -20.974  -55.290  1   0     0    0  OMEGA E (La Reunion)
OMEGA_E162   16.20 -20.974  -55.290  1   0     0    0  OMEGA E (La Reunion)
OMEGA_E163   16.30 -20.974  -55.290  1   0     0    0  OMEGA E (La Reunion)
OMEGA_E164   16.40 -20.974  -55.290  1   0     0    0  OMEGA E (La Reunion)
OMEGA_E165   16.50 -20.974  -55.290  1   0     0    0  OMEGA E (La Reunion)
OMEGA_E166   16.60 -20.974  -55.290  1   0     0    0  OMEGA E (La Reunion)
OMEGA_E167   16.70 -20.974  -55.290  1   0     0    0  OMEGA E (La Reunion)
OMEGA_E168   16.80 -20.974  -55.290  1   0     0    0  OMEGA E (La Reunion)
OMEGA_E169   16.90 -20.974  -55.290  1   0     0    0  OMEGA E (La Reunion)
OMEGA_E170   17.00 -20.974  -55.290  1   0     0    0  OMEGA E (La Reunion)
OMEGA_E171   17.10 -20.974  -55.290  1   0     0    0  OMEGA E (La Reunion)
OMEGA_E172   17.20 -20.974  -55.290  1   0     0    0  OMEGA E (La Reunion)
OMEGA_E173   17.30 -20.974  -55.290  1   0     0    0  OMEGA E (La Reunion)
OMEGA_E174   17.40 -20.974  -55.290  1   0     0    0  OMEGA E (La Reunion)
OMEGA_E175   17.50 -20.974  -55.290  1   0     0    0  OMEGA E (La Reunion)
OMEGA_E176   17.60 -20.974  -55.290  1   0     0    0  OMEGA E (La Reunion)
OMEGA_E177   17.70 -20.974  -55.290  1   0     0    0  OMEGA E (La Reunion)
OMEGA_E178   17.80 -20.974  -55.290  1   0     0    0  OMEGA E (La Reunion)
OMEGA_E179   17.90 -20.974  -55.290  1   0     0    0  OMEGA E (La Reunion)
OMEGA_E180   18.00 -20.974  -55.290  1   0     0    0  OMEGA E (La Reunion)
OMEGA_E181   18.10 -20.974  -55.290  1   0     0    0  OMEGA E (La Reunion)
OMEGA_E182   18.20 -20.974  -55.290  1   0     0    0  OMEGA E (La Reunion)
OMEGA_E183   18.30 -20.974  -55.290  1   0     0    0  OMEGA E (La Reunion)
OMEGA_E184   18.40 -20.974  -55.290  1   0     0    0  OMEGA E (La Reunion)
OMEGA_E185   18.50 -20.974  -55.290  1   0     0    0  OMEGA E (La Reunion)
OMEGA_E186   18.60 -20.974  -55.290  1   0     0    0  OMEGA E (La Reunion)
OMEGA_E187   18.70 -20.974  -55.290  1   0     0    0  OMEGA E (La Reunion)
OMEGA_E188   18.80 -20.974  -55.290  1   0     0    0  OMEGA E (La Reunion)
OMEGA_E189   18.90 -20.974  -55.290  1   0     0    0  OMEGA E (La Reunion)
OMEGA_E190   19.00 -20.974  -55.290  1   0     0    0  OMEGA E (La Reunion)
OMEGA_E191   19.10 -20.974  -55.290  1   0     0    0  OMEGA E (La Reunion)
OMEGA_E192   19.20 -20.974  -55.290  1   0     0    0  OMEGA E (La Reunion)
OMEGA_E193   19.30 -20.974  -55.290  1   0     0    0  OMEGA E (La Reunion)
OMEGA_E194   19.40 -20.974  -55.290  1   0     0    0  OMEGA E (La Reunion)
OMEGA_E195   19.50 -20.974  -55.290  1   0     0    0  OMEGA E (La Reunion)
OMEGA_E196   19.60 -20.974  -55.290  1   0     0    0  OMEGA E (La Reunion)
OMEGA_E197   19.70 -20.974  -55.290  1   0     0    0  OMEGA E (La Reunion)
OMEGA_E198   19.80 -20.974  -55.290  1   0     0    0  OMEGA E (La Reunion)
OMEGA_E199   19.90 -20.974  -55.290  1   0     0    0  OMEGA E (La Reunion)
OMEGA_E200   20.00 -20.974  -55.290  1   0     0    0  OMEGA E (La Reunion)
OMEGA_E201   20.10 -20.974  -55.290  1   0     0    0  OMEGA E (La Reunion)
OMEGA_E202   20.20 -20.974  -55.290  1   0     0    0  OMEGA E (La Reunion)
OMEGA_E203   20.30 -20.974  -55.290  1   0     0    0  OMEGA E (La Reunion)
OMEGA_E204   20.40 -20.974  -55.290  1   0     0    0  OMEGA E (La Reunion)
OMEGA_E205   20.50 -20.974  -55.290  1   0     0    0  OMEGA E (La Reunion)
OMEGA_E206   20.60 -20.974  -55.290  1   0     0    0  OMEGA E (La Reunion)
OMEGA_E207   20.70 -20.974  -55.290  1   0     0    0  OMEGA E (La Reunion)
OMEGA_E208   20.80 -20.974  -55.290  1   0     0    0  OMEGA E (La Reunion)
OMEGA_E209   20.90 -20.974  -55.290  1   0     0    0  OMEGA E (La Reunion)
OMEGA_E210   21.00 -20.974  -55.290  1   0     0    0  OMEGA E (La Reunion)
OMEGA_E211   21.10 -20.974  -55.290  1   0     0    0  OMEGA E (La Reunion)
OMEGA_E212   21.20 -20.974  -55.290  1   0     0    0  OMEGA E (La Reunion)
OMEGA_E213   21.30 -20.974  -55.290  1   0     0    0  OMEGA E (La Reunion)
OMEGA_E214   21.40 -20.974  -55.290  1   0     0    0  OMEGA E (La Reunion)
OMEGA_E215   21.50 -20.974  -55.290  1   0     0    0  OMEGA E (La Reunion)
OMEGA_E216   21.60 -20.974  -55.290  1   0     0    0  OMEGA E (La Reunion)
OMEGA_E217   21.70 -20.974  -55.290  1   0     0    0  OMEGA E (La Reunion)
OMEGA_E218   21.80 -20.974  -55.290  1   0     0    0  OMEGA E (La Reunion)
OMEGA_E219   21.90 -20.974  -55.290  1   0     0    0  OMEGA E (La Reunion)
OMEGA_E220   22.00 -20.974  -55.290  1   0     0    0  OMEGA E (La Reunion)
OMEGA_E221   22.10 -20.974  -55.290  1   0     0    0  OMEGA E (La Reunion)
OMEGA_E222   22.20 -20.974  -55.290  1   0     0    0  OMEGA E (La Reunion)
OMEGA_E223   22.30 -20.974  -55.290  1   0     0    0  OMEGA E (La Reunion)
OMEGA_E224   22.40 -20.974  -55.290  1   0     0    0  OMEGA E (La Reunion)
OMEGA_E225   22.50 -20.974  -55.290  1   0     0    0  OMEGA E (La Reunion)
OMEGA_E226   22.60 -20.974  -55.290  1   0     0    0  OMEGA E (La Reunion)
OMEGA_E227   22.70 -20.974  -55.290  1   0     0    0  OMEGA E (La Reunion)
OMEGA_E228   22.80 -20.974  -55.290  1   0     0    0  OMEGA E (La Reunion)
OMEGA_E229   22.90 -20.974  -55.290  1   0     0    0  OMEGA E (La Reunion)
OMEGA_E230   23.00 -20.974  -55.290  1   0     0    0  OMEGA E (La Reunion)
OMEGA_E231   23.10 -20.974  -55.290  1   0     0    0  OMEGA E (La Reunion)
OMEGA_E232   23.20 -20.974  -55.290  1   0     0    0  OMEGA E (La Reunion)
OMEGA_E233   23.30 -20.974  -55.290  1   0     0    0  OMEGA E (La Reunion)
OMEGA_E234   23.40 -20.974  -55.290  1   0     0    0  OMEGA E (La Reunion)
OMEGA_E235   23.50 -20.974  -55.290  1   0     0    0  OMEGA E (La Reunion)
OMEGA_E236   23.60 -20.974  -55.290  1   0     0    0  OMEGA E (La Reunion)
OMEGA_E237   23.70 -20.974  -55.290  1   0     0    0  OMEGA E (La Reunion)
OMEGA_E238   23.80 -20.974  -55.290  1   0     0    0  OMEGA E (La Reunion)
OMEGA_E239   23.90 -20.974  -55.290  1   0     0    0  OMEGA E (La Reunion)
OMEGA_E240   24.00 -20.974  -55.290  1   0     0    0  OMEGA E (La Reunion)
OMEGA_E241   24.10 -20.974  -55.290  1   0     0    0  OMEGA E (La Reunion)
OMEGA_E242   24.20 -20.974  -55.290  1   0     0    0  OMEGA E (La Reunion)
OMEGA_E243   24.30 -20.974  -55.290  1   0     0    0  OMEGA E (La Reunion)
OMEGA_E244   24.40 -20.974  -55.290  1   0     0    0  OMEGA E (La Reunion)
OMEGA_E245   24.50 -20.974  -55.290  1   0     0    0  OMEGA E (La Reunion)
OMEGA_E246   24.60 -20.974  -55.290  1   0     0    0  OMEGA E (La Reunion)
OMEGA_E247   24.70 -20.974  -55.290  1   0     0    0  OMEGA E (La Reunion)
OMEGA_E248   24.80 -20.974  -55.290  1   0     0    0  OMEGA E (La Reunion)
OMEGA_E249   24.90 -20.974  -55.290  1   0     0    0  OMEGA E (La Reunion)
OMEGA_E250   25.00 -20.974  -55.290  1   0     0    0  OMEGA E (La Reunion)
OMEGA_E251   25.10 -20.974  -55.290  1   0     0    0  OMEGA E (La Reunion)
OMEGA_E252   25.20 -20.974  -55.290  1   0     0    0  OMEGA E (La Reunion)
OMEGA_E253   25.30 -20.974  -55.290  1   0     0    0  OMEGA E (La Reunion)
OMEGA_E254   25.40 -20.974  -55.290  1   0     0    0  OMEGA E (La Reunion)
OMEGA_E255   25.50 -20.974  -55.290  1   0     0    0  OMEGA E (La Reunion)
OMEGA_E256   25.60 -20.974  -55.290  1   0     0    0  OMEGA E (La Reunion)
OMEGA_E257   25.70 -20.974  -55.290  1   0     0    0  OMEGA E (La Reunion)
OMEGA_E258   25.80 -20.974  -55.290  1   0     0    0  OMEGA E (La Reunion)
OMEGA_E259   25.90 -20.974  -55.290  1   0     0    0  OMEGA E (La Reunion)
OMEGA_E260   26.00 -20.974  -55.290  1   0     0    0  OMEGA E (La Reunion)
OMEGA_E261   26.10 -20.974  -55.290  1   0     0    0  OMEGA E (La Reunion)
OMEGA_E262   26.20 -20.974  -55.290  1   0     0    0  OMEGA E (La Reunion)
OMEGA_E263   26.30 -20.974  -55.290  1   0     0    0  OMEGA E (La Reunion)
OMEGA_E264   26.40 -20.974  -55.290  1   0     0    0  OMEGA E (La Reunion)
OMEGA_E265   26.50 -20.974  -55.290  1   0     0    0  OMEGA E (La Reunion)
OMEGA_E266   26.60 -20.974  -55.290  1   0     0    0  OMEGA E (La Reunion)
OMEGA_E267   26.70 -20.974  -55.290  1   0     0    0  OMEGA E (La Reunion)
OMEGA_E268   26.80 -20.974  -55.290  1   0     0    0  OMEGA E (La Reunion)
OMEGA_E269   26.90 -20.974  -55.290  1   0     0    0  OMEGA E (La Reunion)
OMEGA_E270   27.00 -20.974  -55.290  1   0     0    0  OMEGA E (La Reunion)
OMEGA_E271   27.10 -20.974  -55.290  1   0     0    0  OMEGA E (La Reunion)
OMEGA_E272   27.20 -20.974  -55.290  1   0     0    0  OMEGA E (La Reunion)
OMEGA_E273   27.30 -20.974  -55.290  1   0     0    0  OMEGA E (La Reunion)
OMEGA_E274   27.40 -20.974  -55.290  1   0     0    0  OMEGA E (La Reunion)
OMEGA_E275   27.50 -20.974  -55.290  1   0     0    0  OMEGA E (La Reunion)
OMEGA_E276   27.60 -20.974  -55.290  1   0     0    0  OMEGA E (La Reunion)
OMEGA_E277   27.70 -20.974  -55.290  1   0     0    0  OMEGA E (La Reunion)
OMEGA_E278   27.80 -20.974  -55.290  1   0     0    0  OMEGA E (La Reunion)
OMEGA_E279   27.90 -20.974  -55.290  1   0     0    0  OMEGA E (La Reunion)
OMEGA_E280   28.00 -20.974  -55.290  1   0     0    0  OMEGA E (La Reunion)
OMEGA_E281   28.10 -20.974  -55.290  1   0     0    0  OMEGA E (La Reunion)
OMEGA_E282   28.20 -20.974  -55.290  1   0     0    0  OMEGA E (La Reunion)
OMEGA_E283   28.30 -20.974  -55.290  1   0     0    0  OMEGA E (La Reunion)
OMEGA_E284   28.40 -20.974  -55.290  1   0     0    0  OMEGA E (La Reunion)
OMEGA_E285   28.50 -20.974  -55.290  1   0     0    0  OMEGA E (La Reunion)
OMEGA_E286   28.60 -20.974  -55.290  1   0     0    0  OMEGA E (La Reunion)
OMEGA_E287   28.70 -20.974  -55.290  1   0     0    0  OMEGA E (La Reunion)
OMEGA_E288   28.80 -20.974  -55.290  1   0     0    0  OMEGA E (La Reunion)
OMEGA_E289   28.90 -20.974  -55.290  1   0     0    0  OMEGA E (La Reunion)
OMEGA_E290   29.00 -20.974  -55.290  1   0     0    0  OMEGA E (La Reunion)
OMEGA_E291   29.10 -20.974  -55.290  1   0     0    0  OMEGA E (La Reunion)
OMEGA_E292   29.20 -20.974  -55.290  1   0     0    0  OMEGA E (La Reunion)
OMEGA_E293   29.30 -20.974  -55.290  1   0     0    0  OMEGA E (La Reunion)
OMEGA_E294   29.40 -20.974  -55.290  1   0     0    0  OMEGA E (La Reunion)
OMEGA_E295   29.50 -20.974  -55.290  1   0     0    0  OMEGA E (La Reunion)
OMEGA_E296   29.60 -20.974  -55.290  1   0     0    0  OMEGA E (La Reunion)
OMEGA_E297   29.70 -20.974  -55.290  1   0     0    0  OMEGA E (La Reunion)
OMEGA_E298   29.80 -20.974  -55.290  1   0     0    0  OMEGA E (La Reunion)
OMEGA_E299   29.90 -20.974  -55.290  1   0     0    0  OMEGA E (La Reunion)
OMEGA_E300   30.00 -20.974  -55.290  1   0     0    0  OMEGA E (La Reunion)
OMEGA_F080    8.00 -43.054   65.191  1   0     0    0  OMEGA F (Golfo Nuevo, Argentina)
OMEGA_F081    8.10 -43.054   65.191  1   0     0    0  OMEGA F (Golfo Nuevo, Argentina)
OMEGA_F082    8.20 -43.054   65.191  1   0     0    0  OMEGA F (Golfo Nuevo, Argentina)
OMEGA_F083    8.30 -43.054   65.191  1   0     0    0  OMEGA F (Golfo Nuevo, Argentina)
OMEGA_F084    8.40 -43.054   65.191  1   0     0    0  OMEGA F (Golfo Nuevo, Argentina)
OMEGA_F085    8.50 -43.054   65.191  1   0     0    0  OMEGA F (Golfo Nuevo, Argentina)
OMEGA_F086    8.60 -43.054   65.191  1   0     0    0  OMEGA F (Golfo Nuevo, Argentina)
OMEGA_F087    8.70 -43.054   65.191  1   0     0    0  OMEGA F (Golfo Nuevo, Argentina)
OMEGA_F088    8.80 -43.054   65.191  1   0     0    0  OMEGA F (Golfo Nuevo, Argentina)
OMEGA_F089    8.90 -43.054   65.191  1   0     0    0  OMEGA F (Golfo Nuevo, Argentina)
OMEGA_F090    9.00 -43.054   65.191  1   0     0    0  OMEGA F (Golfo Nuevo, Argentina)
OMEGA_F091    9.10 -43.054   65.191  1   0     0    0  OMEGA F (Golfo Nuevo, Argentina)
OMEGA_F092    9.20 -43.054   65.191  1   0     0    0  OMEGA F (Golfo Nuevo, Argentina)
OMEGA_F093    9.30 -43.054   65.191  1   0     0    0  OMEGA F (Golfo Nuevo, Argentina)
OMEGA_F094    9.40 -43.054   65.191  1   0     0    0  OMEGA F (Golfo Nuevo, Argentina)
OMEGA_F095    9.50 -43.054   65.191  1   0     0    0  OMEGA F (Golfo Nuevo, Argentina)
OMEGA_F096    9.60 -43.054   65.191  1   0     0    0  OMEGA F (Golfo Nuevo, Argentina)
OMEGA_F097    9.70 -43.054   65.191  1   0     0    0  OMEGA F (Golfo Nuevo, Argentina)
OMEGA_F098    9.80 -43.054   65.191  1   0     0    0  OMEGA F (Golfo Nuevo, Argentina)
OMEGA_F099    9.90 -43.054   65.191  1   0     0    0  OMEGA F (Golfo Nuevo, Argentina)
OMEGA_F100   10.00 -43.054   65.191  1   0     0    0  OMEGA F (Golfo Nuevo, Argentina)
OMEGA_F101   10.10 -43.054   65.191  1   0     0    0  OMEGA F (Golfo Nuevo, Argentina)
OMEGA_F102   10.20 -43.054   65.191  1   0     0    0  OMEGA F (Golfo Nuevo, Argentina)
OMEGA_F103   10.30 -43.054   65.191  1   0     0    0  OMEGA F (Golfo Nuevo, Argentina)
OMEGA_F104   10.40 -43.054   65.191  1   0     0    0  OMEGA F (Golfo Nuevo, Argentina)
OMEGA_F105   10.50 -43.054   65.191  1   0     0    0  OMEGA F (Golfo Nuevo, Argentina)
OMEGA_F106   10.60 -43.054   65.191  1   0     0    0  OMEGA F (Golfo Nuevo, Argentina)
OMEGA_F107   10.70 -43.054   65.191  1   0     0    0  OMEGA F (Golfo Nuevo, Argentina)
OMEGA_F108   10.80 -43.054   65.191  1   0     0    0  OMEGA F (Golfo Nuevo, Argentina)
OMEGA_F109   10.90 -43.054   65.191  1   0     0    0  OMEGA F (Golfo Nuevo, Argentina)
OMEGA_F110   11.00 -43.054   65.191  1   0     0    0  OMEGA F (Golfo Nuevo, Argentina)
OMEGA_F111   11.10 -43.054   65.191  1   0     0    0  OMEGA F (Golfo Nuevo, Argentina)
OMEGA_F112   11.20 -43.054   65.191  1   0     0    0  OMEGA F (Golfo Nuevo, Argentina)
OMEGA_F113   11.30 -43.054   65.191  1   0     0    0  OMEGA F (Golfo Nuevo, Argentina)
OMEGA_F114   11.40 -43.054   65.191  1   0     0    0  OMEGA F (Golfo Nuevo, Argentina)
OMEGA_F115   11.50 -43.054   65.191  1   0     0    0  OMEGA F (Golfo Nuevo, Argentina)
OMEGA_F116   11.60 -43.054   65.191  1   0     0    0  OMEGA F (Golfo Nuevo, Argentina)
OMEGA_F117   11.70 -43.054   65.191  1   0     0    0  OMEGA F (Golfo Nuevo, Argentina)
OMEGA_F118   11.80 -43.054   65.191  1   0     0    0  OMEGA F (Golfo Nuevo, Argentina)
OMEGA_F119   11.90 -43.054   65.191  1   0     0    0  OMEGA F (Golfo Nuevo, Argentina)
OMEGA_F120   12.00 -43.054   65.191  1   0     0    0  OMEGA F (Golfo Nuevo, Argentina)
OMEGA_F121   12.10 -43.054   65.191  1   0     0    0  OMEGA F (Golfo Nuevo, Argentina)
OMEGA_F122   12.20 -43.054   65.191  1   0     0    0  OMEGA F (Golfo Nuevo, Argentina)
OMEGA_F123   12.30 -43.054   65.191  1   0     0    0  OMEGA F (Golfo Nuevo, Argentina)
OMEGA_F124   12.40 -43.054   65.191  1   0     0    0  OMEGA F (Golfo Nuevo, Argentina)
OMEGA_F125   12.50 -43.054   65.191  1   0     0    0  OMEGA F (Golfo Nuevo, Argentina)
OMEGA_F126   12.60 -43.054   65.191  1   0     0    0  OMEGA F (Golfo Nuevo, Argentina)
OMEGA_F127   12.70 -43.054   65.191  1   0     0    0  OMEGA F (Golfo Nuevo, Argentina)
OMEGA_F128   12.80 -43.054   65.191  1   0     0    0  OMEGA F (Golfo Nuevo, Argentina)
OMEGA_F129   12.90 -43.054   65.191  1   0     0    0  OMEGA F (Golfo Nuevo, Argentina)
OMEGA_F130   13.00 -43.054   65.191  1   0     0    0  OMEGA F (Golfo Nuevo, Argentina)
OMEGA_F131   13.10 -43.054   65.191  1   0     0    0  OMEGA F (Golfo Nuevo, Argentina)
OMEGA_F132   13.20 -43.054   65.191  1   0     0    0  OMEGA F (Golfo Nuevo, Argentina)
OMEGA_F133   13.30 -43.054   65.191  1   0     0    0  OMEGA F (Golfo Nuevo, Argentina)
OMEGA_F134   13.40 -43.054   65.191  1   0     0    0  OMEGA F (Golfo Nuevo, Argentina)
OMEGA_F135   13.50 -43.054   65.191  1   0     0    0  OMEGA F (Golfo Nuevo, Argentina)
OMEGA_F136   13.60 -43.054   65.191  1   0     0    0  OMEGA F (Golfo Nuevo, Argentina)
OMEGA_F137   13.70 -43.054   65.191  1   0     0    0  OMEGA F (Golfo Nuevo, Argentina)
OMEGA_F138   13.80 -43.054   65.191  1   0     0    0  OMEGA F (Golfo Nuevo, Argentina)
OMEGA_F139   13.90 -43.054   65.191  1   0     0    0  OMEGA F (Golfo Nuevo, Argentina)
OMEGA_F140   14.00 -43.054   65.191  1   0     0    0  OMEGA F (Golfo Nuevo, Argentina)
OMEGA_F141   14.10 -43.054   65.191  1   0     0    0  OMEGA F (Golfo Nuevo, Argentina)
OMEGA_F142   14.20 -43.054   65.191  1   0     0    0  OMEGA F (Golfo Nuevo, Argentina)
OMEGA_F143   14.30 -43.054   65.191  1   0     0    0  OMEGA F (Golfo Nuevo, Argentina)
OMEGA_F144   14.40 -43.054   65.191  1   0     0    0  OMEGA F (Golfo Nuevo, Argentina)
OMEGA_F145   14.50 -43.054   65.191  1   0     0    0  OMEGA F (Golfo Nuevo, Argentina)
OMEGA_F146   14.60 -43.054   65.191  1   0     0    0  OMEGA F (Golfo Nuevo, Argentina)
OMEGA_F147   14.70 -43.054   65.191  1   0     0    0  OMEGA F (Golfo Nuevo, Argentina)
OMEGA_F148   14.80 -43.054   65.191  1   0     0    0  OMEGA F (Golfo Nuevo, Argentina)
OMEGA_F149   14.90 -43.054   65.191  1   0     0    0  OMEGA F (Golfo Nuevo, Argentina)
OMEGA_F150   15.00 -43.054   65.191  1   0     0    0  OMEGA F (Golfo Nuevo, Argentina)
OMEGA_F151   15.10 -43.054   65.191  1   0     0    0  OMEGA F (Golfo Nuevo, Argentina)
OMEGA_F152   15.20 -43.054   65.191  1   0     0    0  OMEGA F (Golfo Nuevo, Argentina)
OMEGA_F153   15.30 -43.054   65.191  1   0     0    0  OMEGA F (Golfo Nuevo, Argentina)
OMEGA_F154   15.40 -43.054   65.191  1   0     0    0  OMEGA F (Golfo Nuevo, Argentina)
OMEGA_F155   15.50 -43.054   65.191  1   0     0    0  OMEGA F (Golfo Nuevo, Argentina)
OMEGA_F156   15.60 -43.054   65.191  1   0     0    0  OMEGA F (Golfo Nuevo, Argentina)
OMEGA_F157   15.70 -43.054   65.191  1   0     0    0  OMEGA F (Golfo Nuevo, Argentina)
OMEGA_F158   15.80 -43.054   65.191  1   0     0    0  OMEGA F (Golfo Nuevo, Argentina)
OMEGA_F159   15.90 -43.054   65.191  1   0     0    0  OMEGA F (Golfo Nuevo, Argentina)
OMEGA_F160   16.00 -43.054   65.191  1   0     0    0  OMEGA F (Golfo Nuevo, Argentina)
OMEGA_F161   16.10 -43.054   65.191  1   0     0    0  OMEGA F (Golfo Nuevo, Argentina)
OMEGA_F162   16.20 -43.054   65.191  1   0     0    0  OMEGA F (Golfo Nuevo, Argentina)
OMEGA_F163   16.30 -43.054   65.191  1   0     0    0  OMEGA F (Golfo Nuevo, Argentina)
OMEGA_F164   16.40 -43.054   65.191  1   0     0    0  OMEGA F (Golfo Nuevo, Argentina)
OMEGA_F165   16.50 -43.054   65.191  1   0     0    0  OMEGA F (Golfo Nuevo, Argentina)
OMEGA_F166   16.60 -43.054   65.191  1   0     0    0  OMEGA F (Golfo Nuevo, Argentina)
OMEGA_F167   16.70 -43.054   65.191  1   0     0    0  OMEGA F (Golfo Nuevo, Argentina)
OMEGA_F168   16.80 -43.054   65.191  1   0     0    0  OMEGA F (Golfo Nuevo, Argentina)
OMEGA_F169   16.90 -43.054   65.191  1   0     0    0  OMEGA F (Golfo Nuevo, Argentina)
OMEGA_F170   17.00 -43.054   65.191  1   0     0    0  OMEGA F (Golfo Nuevo, Argentina)
OMEGA_F171   17.10 -43.054   65.191  1   0     0    0  OMEGA F (Golfo Nuevo, Argentina)
OMEGA_F172   17.20 -43.054   65.191  1   0     0    0  OMEGA F (Golfo Nuevo, Argentina)
OMEGA_F173   17.30 -43.054   65.191  1   0     0    0  OMEGA F (Golfo Nuevo, Argentina)
OMEGA_F174   17.40 -43.054   65.191  1   0     0    0  OMEGA F (Golfo Nuevo, Argentina)
OMEGA_F175   17.50 -43.054   65.191  1   0     0    0  OMEGA F (Golfo Nuevo, Argentina)
OMEGA_F176   17.60 -43.054   65.191  1   0     0    0  OMEGA F (Golfo Nuevo, Argentina)
OMEGA_F177   17.70 -43.054   65.191  1   0     0    0  OMEGA F (Golfo Nuevo, Argentina)
OMEGA_F178   17.80 -43.054   65.191  1   0     0    0  OMEGA F (Golfo Nuevo, Argentina)
OMEGA_F179   17.90 -43.054   65.191  1   0     0    0  OMEGA F (Golfo Nuevo, Argentina)
OMEGA_F180   18.00 -43.054   65.191  1   0     0    0  OMEGA F (Golfo Nuevo, Argentina)
OMEGA_F181   18.10 -43.054   65.191  1   0     0    0  OMEGA F (Golfo Nuevo, Argentina)
OMEGA_F182   18.20 -43.054   65.191  1   0     0    0  OMEGA F (Golfo Nuevo, Argentina)
OMEGA_F183   18.30 -43.054   65.191  1   0     0    0  OMEGA F (Golfo Nuevo, Argentina)
OMEGA_F184   18.40 -43.054   65.191  1   0     0    0  OMEGA F (Golfo Nuevo, Argentina)
OMEGA_F185   18.50 -43.054   65.191  1   0     0    0  OMEGA F (Golfo Nuevo, Argentina)
OMEGA_F186   18.60 -43.054   65.191  1   0     0    0  OMEGA F (Golfo Nuevo, Argentina)
OMEGA_F187   18.70 -43.054   65.191  1   0     0    0  OMEGA F (Golfo Nuevo, Argentina)
OMEGA_F188   18.80 -43.054   65.191  1   0     0    0  OMEGA F (Golfo Nuevo, Argentina)
OMEGA_F189   18.90 -43.054   65.191  1   0     0    0  OMEGA F (Golfo Nuevo, Argentina)
OMEGA_F190   19.00 -43.054   65.191  1   0     0    0  OMEGA F (Golfo Nuevo, Argentina)
OMEGA_F191   19.10 -43.054   65.191  1   0     0    0  OMEGA F (Golfo Nuevo, Argentina)
OMEGA_F192   19.20 -43.054   65.191  1   0     0    0  OMEGA F (Golfo Nuevo, Argentina)
OMEGA_F193   19.30 -43.054   65.191  1   0     0    0  OMEGA F (Golfo Nuevo, Argentina)
OMEGA_F194   19.40 -43.054   65.191  1   0     0    0  OMEGA F (Golfo Nuevo, Argentina)
OMEGA_F195   19.50 -43.054   65.191  1   0     0    0  OMEGA F (Golfo Nuevo, Argentina)
OMEGA_F196   19.60 -43.054   65.191  1   0     0    0  OMEGA F (Golfo Nuevo, Argentina)
OMEGA_F197   19.70 -43.054   65.191  1   0     0    0  OMEGA F (Golfo Nuevo, Argentina)
OMEGA_F198   19.80 -43.054   65.191  1   0     0    0  OMEGA F (Golfo Nuevo, Argentina)
OMEGA_F199   19.90 -43.054   65.191  1   0     0    0  OMEGA F (Golfo Nuevo, Argentina)
OMEGA_F200   20.00 -43.054   65.191  1   0     0    0  OMEGA F (Golfo Nuevo, Argentina)
OMEGA_F201   20.10 -43.054   65.191  1   0     0    0  OMEGA F (Golfo Nuevo, Argentina)
OMEGA_F202   20.20 -43.054   65.191  1   0     0    0  OMEGA F (Golfo Nuevo, Argentina)
OMEGA_F203   20.30 -43.054   65.191  1   0     0    0  OMEGA F (Golfo Nuevo, Argentina)
OMEGA_F204   20.40 -43.054   65.191  1   0     0    0  OMEGA F (Golfo Nuevo, Argentina)
OMEGA_F205   20.50 -43.054   65.191  1   0     0    0  OMEGA F (Golfo Nuevo, Argentina)
OMEGA_F206   20.60 -43.054   65.191  1   0     0    0  OMEGA F (Golfo Nuevo, Argentina)
OMEGA_F207   20.70 -43.054   65.191  1   0     0    0  OMEGA F (Golfo Nuevo, Argentina)
OMEGA_F208   20.80 -43.054   65.191  1   0     0    0  OMEGA F (Golfo Nuevo, Argentina)
OMEGA_F209   20.90 -43.054   65.191  1   0     0    0  OMEGA F (Golfo Nuevo, Argentina)
OMEGA_F210   21.00 -43.054   65.191  1   0     0    0  OMEGA F (Golfo Nuevo, Argentina)
OMEGA_F211   21.10 -43.054   65.191  1   0     0    0  OMEGA F (Golfo Nuevo, Argentina)
OMEGA_F212   21.20 -43.054   65.191  1   0     0    0  OMEGA F (Golfo Nuevo, Argentina)
OMEGA_F213   21.30 -43.054   65.191  1   0     0    0  OMEGA F (Golfo Nuevo, Argentina)
OMEGA_F214   21.40 -43.054   65.191  1   0     0    0  OMEGA F (Golfo Nuevo, Argentina)
OMEGA_F215   21.50 -43.054   65.191  1   0     0    0  OMEGA F (Golfo Nuevo, Argentina)
OMEGA_F216   21.60 -43.054   65.191  1   0     0    0  OMEGA F (Golfo Nuevo, Argentina)
OMEGA_F217   21.70 -43.054   65.191  1   0     0    0  OMEGA F (Golfo Nuevo, Argentina)
OMEGA_F218   21.80 -43.054   65.191  1   0     0    0  OMEGA F (Golfo Nuevo, Argentina)
OMEGA_F219   21.90 -43.054   65.191  1   0     0    0  OMEGA F (Golfo Nuevo, Argentina)
OMEGA_F220   22.00 -43.054   65.191  1   0     0    0  OMEGA F (Golfo Nuevo, Argentina)
OMEGA_F221   22.10 -43.054   65.191  1   0     0    0  OMEGA F (Golfo Nuevo, Argentina)
OMEGA_F222   22.20 -43.054   65.191  1   0     0    0  OMEGA F (Golfo Nuevo, Argentina)
OMEGA_F223   22.30 -43.054   65.191  1   0     0    0  OMEGA F (Golfo Nuevo, Argentina)
OMEGA_F224   22.40 -43.054   65.191  1   0     0    0  OMEGA F (Golfo Nuevo, Argentina)
OMEGA_F225   22.50 -43.054   65.191  1   0     0    0  OMEGA F (Golfo Nuevo, Argentina)
OMEGA_F226   22.60 -43.054   65.191  1   0     0    0  OMEGA F (Golfo Nuevo, Argentina)
OMEGA_F227   22.70 -43.054   65.191  1   0     0    0  OMEGA F (Golfo Nuevo, Argentina)
OMEGA_F228   22.80 -43.054   65.191  1   0     0    0  OMEGA F (Golfo Nuevo, Argentina)
OMEGA_F229   22.90 -43.054   65.191  1   0     0    0  OMEGA F (Golfo Nuevo, Argentina)
OMEGA_F230   23.00 -43.054   65.191  1   0     0    0  OMEGA F (Golfo Nuevo, Argentina)
OMEGA_F231   23.10 -43.054   65.191  1   0     0    0  OMEGA F (Golfo Nuevo, Argentina)
OMEGA_F232   23.20 -43.054   65.191  1   0     0    0  OMEGA F (Golfo Nuevo, Argentina)
OMEGA_F233   23.30 -43.054   65.191  1   0     0    0  OMEGA F (Golfo Nuevo, Argentina)
OMEGA_F234   23.40 -43.054   65.191  1   0     0    0  OMEGA F (Golfo Nuevo, Argentina)
OMEGA_F235   23.50 -43.054   65.191  1   0     0    0  OMEGA F (Golfo Nuevo, Argentina)
OMEGA_F236   23.60 -43.054   65.191  1   0     0    0  OMEGA F (Golfo Nuevo, Argentina)
OMEGA_F237   23.70 -43.054   65.191  1   0     0    0  OMEGA F (Golfo Nuevo, Argentina)
OMEGA_F238   23.80 -43.054   65.191  1   0     0    0  OMEGA F (Golfo Nuevo, Argentina)
OMEGA_F239   23.90 -43.054   65.191  1   0     0    0  OMEGA F (Golfo Nuevo, Argentina)
OMEGA_F240   24.00 -43.054   65.191  1   0     0    0  OMEGA F (Golfo Nuevo, Argentina)
OMEGA_F241   24.10 -43.054   65.191  1   0     0    0  OMEGA F (Golfo Nuevo, Argentina)
OMEGA_F242   24.20 -43.054   65.191  1   0     0    0  OMEGA F (Golfo Nuevo, Argentina)
OMEGA_F243   24.30 -43.054   65.191  1   0     0    0  OMEGA F (Golfo Nuevo, Argentina)
OMEGA_F244   24.40 -43.054   65.191  1   0     0    0  OMEGA F (Golfo Nuevo, Argentina)
OMEGA_F245   24.50 -43.054   65.191  1   0     0    0  OMEGA F (Golfo Nuevo, Argentina)
OMEGA_F246   24.60 -43.054   65.191  1   0     0    0  OMEGA F (Golfo Nuevo, Argentina)
OMEGA_F247   24.70 -43.054   65.191  1   0     0    0  OMEGA F (Golfo Nuevo, Argentina)
OMEGA_F248   24.80 -43.054   65.191  1   0     0    0  OMEGA F (Golfo Nuevo, Argentina)
OMEGA_F249   24.90 -43.054   65.191  1   0     0    0  OMEGA F (Golfo Nuevo, Argentina)
OMEGA_F250   25.00 -43.054   65.191  1   0     0    0  OMEGA F (Golfo Nuevo, Argentina)
OMEGA_F251   25.10 -43.054   65.191  1   0     0    0  OMEGA F (Golfo Nuevo, Argentina)
OMEGA_F252   25.20 -43.054   65.191  1   0     0    0  OMEGA F (Golfo Nuevo, Argentina)
OMEGA_F253   25.30 -43.054   65.191  1   0     0    0  OMEGA F (Golfo Nuevo, Argentina)
OMEGA_F254   25.40 -43.054   65.191  1   0     0    0  OMEGA F (Golfo Nuevo, Argentina)
OMEGA_F255   25.50 -43.054   65.191  1   0     0    0  OMEGA F (Golfo Nuevo, Argentina)
OMEGA_F256   25.60 -43.054   65.191  1   0     0    0  OMEGA F (Golfo Nuevo, Argentina)
OMEGA_F257   25.70 -43.054   65.191  1   0     0    0  OMEGA F (Golfo Nuevo, Argentina)
OMEGA_F258   25.80 -43.054   65.191  1   0     0    0  OMEGA F (Golfo Nuevo, Argentina)
OMEGA_F259   25.90 -43.054   65.191  1   0     0    0  OMEGA F (Golfo Nuevo, Argentina)
OMEGA_F260   26.00 -43.054   65.191  1   0     0    0  OMEGA F (Golfo Nuevo, Argentina)
OMEGA_F261   26.10 -43.054   65.191  1   0     0    0  OMEGA F (Golfo Nuevo, Argentina)
OMEGA_F262   26.20 -43.054   65.191  1   0     0    0  OMEGA F (Golfo Nuevo, Argentina)
OMEGA_F263   26.30 -43.054   65.191  1   0     0    0  OMEGA F (Golfo Nuevo, Argentina)
OMEGA_F264   26.40 -43.054   65.191  1   0     0    0  OMEGA F (Golfo Nuevo, Argentina)
OMEGA_F265   26.50 -43.054   65.191  1   0     0    0  OMEGA F (Golfo Nuevo, Argentina)
OMEGA_F266   26.60 -43.054   65.191  1   0     0    0  OMEGA F (Golfo Nuevo, Argentina)
OMEGA_F267   26.70 -43.054   65.191  1   0     0    0  OMEGA F (Golfo Nuevo, Argentina)
OMEGA_F268   26.80 -43.054   65.191  1   0     0    0  OMEGA F (Golfo Nuevo, Argentina)
OMEGA_F269   26.90 -43.054   65.191  1   0     0    0  OMEGA F (Golfo Nuevo, Argentina)
OMEGA_F270   27.00 -43.054   65.191  1   0     0    0  OMEGA F (Golfo Nuevo, Argentina)
OMEGA_F271   27.10 -43.054   65.191  1   0     0    0  OMEGA F (Golfo Nuevo, Argentina)
OMEGA_F272   27.20 -43.054   65.191  1   0     0    0  OMEGA F (Golfo Nuevo, Argentina)
OMEGA_F273   27.30 -43.054   65.191  1   0     0    0  OMEGA F (Golfo Nuevo, Argentina)
OMEGA_F274   27.40 -43.054   65.191  1   0     0    0  OMEGA F (Golfo Nuevo, Argentina)
OMEGA_F275   27.50 -43.054   65.191  1   0     0    0  OMEGA F (Golfo Nuevo, Argentina)
OMEGA_F276   27.60 -43.054   65.191  1   0     0    0  OMEGA F (Golfo Nuevo, Argentina)
OMEGA_F277   27.70 -43.054   65.191  1   0     0    0  OMEGA F (Golfo Nuevo, Argentina)
OMEGA_F278   27.80 -43.054   65.191  1   0     0    0  OMEGA F (Golfo Nuevo, Argentina)
OMEGA_F279   27.90 -43.054   65.191  1   0     0    0  OMEGA F (Golfo Nuevo, Argentina)
OMEGA_F280   28.00 -43.054   65.191  1   0     0    0  OMEGA F (Golfo Nuevo, Argentina)
OMEGA_F281   28.10 -43.054   65.191  1   0     0    0  OMEGA F (Golfo Nuevo, Argentina)
OMEGA_F282   28.20 -43.054   65.191  1   0     0    0  OMEGA F (Golfo Nuevo, Argentina)
OMEGA_F283   28.30 -43.054   65.191  1   0     0    0  OMEGA F (Golfo Nuevo, Argentina)
OMEGA_F284   28.40 -43.054   65.191  1   0     0    0  OMEGA F (Golfo Nuevo, Argentina)
OMEGA_F285   28.50 -43.054   65.191  1   0     0    0  OMEGA F (Golfo Nuevo, Argentina)
OMEGA_F286   28.60 -43.054   65.191  1   0     0    0  OMEGA F (Golfo Nuevo, Argentina)
OMEGA_F287   28.70 -43.054   65.191  1   0     0    0  OMEGA F (Golfo Nuevo, Argentina)
OMEGA_F288   28.80 -43.054   65.191  1   0     0    0  OMEGA F (Golfo Nuevo, Argentina)
OMEGA_F289   28.90 -43.054   65.191  1   0     0    0  OMEGA F (Golfo Nuevo, Argentina)
OMEGA_F290   29.00 -43.054   65.191  1   0     0    0  OMEGA F (Golfo Nuevo, Argentina)
OMEGA_F291   29.10 -43.054   65.191  1   0     0    0  OMEGA F (Golfo Nuevo, Argentina)
OMEGA_F292   29.20 -43.054   65.191  1   0     0    0  OMEGA F (Golfo Nuevo, Argentina)
OMEGA_F293   29.30 -43.054   65.191  1   0     0    0  OMEGA F (Golfo Nuevo, Argentina)
OMEGA_F294   29.40 -43.054   65.191  1   0     0    0  OMEGA F (Golfo Nuevo, Argentina)
OMEGA_F295   29.50 -43.054   65.191  1   0     0    0  OMEGA F (Golfo Nuevo, Argentina)
OMEGA_F296   29.60 -43.054   65.191  1   0     0    0  OMEGA F (Golfo Nuevo, Argentina)
OMEGA_F297   29.70 -43.054   65.191  1   0     0    0  OMEGA F (Golfo Nuevo, Argentina)
OMEGA_F298   29.80 -43.054   65.191  1   0     0    0  OMEGA F (Golfo Nuevo, Argentina)
OMEGA_F299   29.90 -43.054   65.191  1   0     0    0  OMEGA F (Golfo Nuevo, Argentina)
OMEGA_F300   30.00 -43.054   65.191  1   0     0    0  OMEGA F (Golfo Nuevo, Argentina)
OMEGA_G080    8.00 -38.481 -146.935  1   0     0    0  OMEGA G (Woodside, Australia)
OMEGA_G081    8.10 -38.481 -146.935  1   0     0    0  OMEGA G (Woodside, Australia)
OMEGA_G082    8.20 -38.481 -146.935  1   0     0    0  OMEGA G (Woodside, Australia)
OMEGA_G083    8.30 -38.481 -146.935  1   0     0    0  OMEGA G (Woodside, Australia)
OMEGA_G084    8.40 -38.481 -146.935  1   0     0    0  OMEGA G (Woodside, Australia)
OMEGA_G085    8.50 -38.481 -146.935  1   0     0    0  OMEGA G (Woodside, Australia)
OMEGA_G086    8.60 -38.481 -146.935  1   0     0    0  OMEGA G (Woodside, Australia)
OMEGA_G087    8.70 -38.481 -146.935  1   0     0    0  OMEGA G (Woodside, Australia)
OMEGA_G088    8.80 -38.481 -146.935  1   0     0    0  OMEGA G (Woodside, Australia)
OMEGA_G089    8.90 -38.481 -146.935  1   0     0    0  OMEGA G (Woodside, Australia)
OMEGA_G090    9.00 -38.481 -146.935  1   0     0    0  OMEGA G (Woodside, Australia)
OMEGA_G091    9.10 -38.481 -146.935  1   0     0    0  OMEGA G (Woodside, Australia)
OMEGA_G092    9.20 -38.481 -146.935  1   0     0    0  OMEGA G (Woodside, Australia)
OMEGA_G093    9.30 -38.481 -146.935  1   0     0    0  OMEGA G (Woodside, Australia)
OMEGA_G094    9.40 -38.481 -146.935  1   0     0    0  OMEGA G (Woodside, Australia)
OMEGA_G095    9.50 -38.481 -146.935  1   0     0    0  OMEGA G (Woodside, Australia)
OMEGA_G096    9.60 -38.481 -146.935  1   0     0    0  OMEGA G (Woodside, Australia)
OMEGA_G097    9.70 -38.481 -146.935  1   0     0    0  OMEGA G (Woodside, Australia)
OMEGA_G098    9.80 -38.481 -146.935  1   0     0    0  OMEGA G (Woodside, Australia)
OMEGA_G099    9.90 -38.481 -146.935  1   0     0    0  OMEGA G (Woodside, Australia)
OMEGA_G100   10.00 -38.481 -146.935  1   0     0    0  OMEGA G (Woodside, Australia)
OMEGA_G101   10.10 -38.481 -146.935  1   0     0    0  OMEGA G (Woodside, Australia)
OMEGA_G102   10.20 -38.481 -146.935  1   0     0    0  OMEGA G (Woodside, Australia)
OMEGA_G103   10.30 -38.481 -146.935  1   0     0    0  OMEGA G (Woodside, Australia)
OMEGA_G104   10.40 -38.481 -146.935  1   0     0    0  OMEGA G (Woodside, Australia)
OMEGA_G105   10.50 -38.481 -146.935  1   0     0    0  OMEGA G (Woodside, Australia)
OMEGA_G106   10.60 -38.481 -146.935  1   0     0    0  OMEGA G (Woodside, Australia)
OMEGA_G107   10.70 -38.481 -146.935  1   0     0    0  OMEGA G (Woodside, Australia)
OMEGA_G108   10.80 -38.481 -146.935  1   0     0    0  OMEGA G (Woodside, Australia)
OMEGA_G109   10.90 -38.481 -146.935  1   0     0    0  OMEGA G (Woodside, Australia)
OMEGA_G110   11.00 -38.481 -146.935  1   0     0    0  OMEGA G (Woodside, Australia)
OMEGA_G111   11.10 -38.481 -146.935  1   0     0    0  OMEGA G (Woodside, Australia)
OMEGA_G112   11.20 -38.481 -146.935  1   0     0    0  OMEGA G (Woodside, Australia)
OMEGA_G113   11.30 -38.481 -146.935  1   0     0    0  OMEGA G (Woodside, Australia)
OMEGA_G114   11.40 -38.481 -146.935  1   0     0    0  OMEGA G (Woodside, Australia)
OMEGA_G115   11.50 -38.481 -146.935  1   0     0    0  OMEGA G (Woodside, Australia)
OMEGA_G116   11.60 -38.481 -146.935  1   0     0    0  OMEGA G (Woodside, Australia)
OMEGA_G117   11.70 -38.481 -146.935  1   0     0    0  OMEGA G (Woodside, Australia)
OMEGA_G118   11.80 -38.481 -146.935  1   0     0    0  OMEGA G (Woodside, Australia)
OMEGA_G119   11.90 -38.481 -146.935  1   0     0    0  OMEGA G (Woodside, Australia)
OMEGA_G120   12.00 -38.481 -146.935  1   0     0    0  OMEGA G (Woodside, Australia)
OMEGA_G121   12.10 -38.481 -146.935  1   0     0    0  OMEGA G (Woodside, Australia)
OMEGA_G122   12.20 -38.481 -146.935  1   0     0    0  OMEGA G (Woodside, Australia)
OMEGA_G123   12.30 -38.481 -146.935  1   0     0    0  OMEGA G (Woodside, Australia)
OMEGA_G124   12.40 -38.481 -146.935  1   0     0    0  OMEGA G (Woodside, Australia)
OMEGA_G125   12.50 -38.481 -146.935  1   0     0    0  OMEGA G (Woodside, Australia)
OMEGA_G126   12.60 -38.481 -146.935  1   0     0    0  OMEGA G (Woodside, Australia)
OMEGA_G127   12.70 -38.481 -146.935  1   0     0    0  OMEGA G (Woodside, Australia)
OMEGA_G128   12.80 -38.481 -146.935  1   0     0    0  OMEGA G (Woodside, Australia)
OMEGA_G129   12.90 -38.481 -146.935  1   0     0    0  OMEGA G (Woodside, Australia)
OMEGA_G130   13.00 -38.481 -146.935  1   0     0    0  OMEGA G (Woodside, Australia)
OMEGA_G131   13.10 -38.481 -146.935  1   0     0    0  OMEGA G (Woodside, Australia)
OMEGA_G132   13.20 -38.481 -146.935  1   0     0    0  OMEGA G (Woodside, Australia)
OMEGA_G133   13.30 -38.481 -146.935  1   0     0    0  OMEGA G (Woodside, Australia)
OMEGA_G134   13.40 -38.481 -146.935  1   0     0    0  OMEGA G (Woodside, Australia)
OMEGA_G135   13.50 -38.481 -146.935  1   0     0    0  OMEGA G (Woodside, Australia)
OMEGA_G136   13.60 -38.481 -146.935  1   0     0    0  OMEGA G (Woodside, Australia)
OMEGA_G137   13.70 -38.481 -146.935  1   0     0    0  OMEGA G (Woodside, Australia)
OMEGA_G138   13.80 -38.481 -146.935  1   0     0    0  OMEGA G (Woodside, Australia)
OMEGA_G139   13.90 -38.481 -146.935  1   0     0    0  OMEGA G (Woodside, Australia)
OMEGA_G140   14.00 -38.481 -146.935  1   0     0    0  OMEGA G (Woodside, Australia)
OMEGA_G141   14.10 -38.481 -146.935  1   0     0    0  OMEGA G (Woodside, Australia)
OMEGA_G142   14.20 -38.481 -146.935  1   0     0    0  OMEGA G (Woodside, Australia)
OMEGA_G143   14.30 -38.481 -146.935  1   0     0    0  OMEGA G (Woodside, Australia)
OMEGA_G144   14.40 -38.481 -146.935  1   0     0    0  OMEGA G (Woodside, Australia)
OMEGA_G145   14.50 -38.481 -146.935  1   0     0    0  OMEGA G (Woodside, Australia)
OMEGA_G146   14.60 -38.481 -146.935  1   0     0    0  OMEGA G (Woodside, Australia)
OMEGA_G147   14.70 -38.481 -146.935  1   0     0    0  OMEGA G (Woodside, Australia)
OMEGA_G148   14.80 -38.481 -146.935  1   0     0    0  OMEGA G (Woodside, Australia)
OMEGA_G149   14.90 -38.481 -146.935  1   0     0    0  OMEGA G (Woodside, Australia)
OMEGA_G150   15.00 -38.481 -146.935  1   0     0    0  OMEGA G (Woodside, Australia)
OMEGA_G151   15.10 -38.481 -146.935  1   0     0    0  OMEGA G (Woodside, Australia)
OMEGA_G152   15.20 -38.481 -146.935  1   0     0    0  OMEGA G (Woodside, Australia)
OMEGA_G153   15.30 -38.481 -146.935  1   0     0    0  OMEGA G (Woodside, Australia)
OMEGA_G154   15.40 -38.481 -146.935  1   0     0    0  OMEGA G (Woodside, Australia)
OMEGA_G155   15.50 -38.481 -146.935  1   0     0    0  OMEGA G (Woodside, Australia)
OMEGA_G156   15.60 -38.481 -146.935  1   0     0    0  OMEGA G (Woodside, Australia)
OMEGA_G157   15.70 -38.481 -146.935  1   0     0    0  OMEGA G (Woodside, Australia)
OMEGA_G158   15.80 -38.481 -146.935  1   0     0    0  OMEGA G (Woodside, Australia)
OMEGA_G159   15.90 -38.481 -146.935  1   0     0    0  OMEGA G (Woodside, Australia)
OMEGA_G160   16.00 -38.481 -146.935  1   0     0    0  OMEGA G (Woodside, Australia)
OMEGA_G161   16.10 -38.481 -146.935  1   0     0    0  OMEGA G (Woodside, Australia)
OMEGA_G162   16.20 -38.481 -146.935  1   0     0    0  OMEGA G (Woodside, Australia)
OMEGA_G163   16.30 -38.481 -146.935  1   0     0    0  OMEGA G (Woodside, Australia)
OMEGA_G164   16.40 -38.481 -146.935  1   0     0    0  OMEGA G (Woodside, Australia)
OMEGA_G165   16.50 -38.481 -146.935  1   0     0    0  OMEGA G (Woodside, Australia)
OMEGA_G166   16.60 -38.481 -146.935  1   0     0    0  OMEGA G (Woodside, Australia)
OMEGA_G167   16.70 -38.481 -146.935  1   0     0    0  OMEGA G (Woodside, Australia)
OMEGA_G168   16.80 -38.481 -146.935  1   0     0    0  OMEGA G (Woodside, Australia)
OMEGA_G169   16.90 -38.481 -146.935  1   0     0    0  OMEGA G (Woodside, Australia)
OMEGA_G170   17.00 -38.481 -146.935  1   0     0    0  OMEGA G (Woodside, Australia)
OMEGA_G171   17.10 -38.481 -146.935  1   0     0    0  OMEGA G (Woodside, Australia)
OMEGA_G172   17.20 -38.481 -146.935  1   0     0    0  OMEGA G (Woodside, Australia)
OMEGA_G173   17.30 -38.481 -146.935  1   0     0    0  OMEGA G (Woodside, Australia)
OMEGA_G174   17.40 -38.481 -146.935  1   0     0    0  OMEGA G (Woodside, Australia)
OMEGA_G175   17.50 -38.481 -146.935  1   0     0    0  OMEGA G (Woodside, Australia)
OMEGA_G176   17.60 -38.481 -146.935  1   0     0    0  OMEGA G (Woodside, Australia)
OMEGA_G177   17.70 -38.481 -146.935  1   0     0    0  OMEGA G (Woodside, Australia)
OMEGA_G178   17.80 -38.481 -146.935  1   0     0    0  OMEGA G (Woodside, Australia)
OMEGA_G179   17.90 -38.481 -146.935  1   0     0    0  OMEGA G (Woodside, Australia)
OMEGA_G180   18.00 -38.481 -146.935  1   0     0    0  OMEGA G (Woodside, Australia)
OMEGA_G181   18.10 -38.481 -146.935  1   0     0    0  OMEGA G (Woodside, Australia)
OMEGA_G182   18.20 -38.481 -146.935  1   0     0    0  OMEGA G (Woodside, Australia)
OMEGA_G183   18.30 -38.481 -146.935  1   0     0    0  OMEGA G (Woodside, Australia)
OMEGA_G184   18.40 -38.481 -146.935  1   0     0    0  OMEGA G (Woodside, Australia)
OMEGA_G185   18.50 -38.481 -146.935  1   0     0    0  OMEGA G (Woodside, Australia)
OMEGA_G186   18.60 -38.481 -146.935  1   0     0    0  OMEGA G (Woodside, Australia)
OMEGA_G187   18.70 -38.481 -146.935  1   0     0    0  OMEGA G (Woodside, Australia)
OMEGA_G188   18.80 -38.481 -146.935  1   0     0    0  OMEGA G (Woodside, Australia)
OMEGA_G189   18.90 -38.481 -146.935  1   0     0    0  OMEGA G (Woodside, Australia)
OMEGA_G190   19.00 -38.481 -146.935  1   0     0    0  OMEGA G (Woodside, Australia)
OMEGA_G191   19.10 -38.481 -146.935  1   0     0    0  OMEGA G (Woodside, Australia)
OMEGA_G192   19.20 -38.481 -146.935  1   0     0    0  OMEGA G (Woodside, Australia)
OMEGA_G193   19.30 -38.481 -146.935  1   0     0    0  OMEGA G (Woodside, Australia)
OMEGA_G194   19.40 -38.481 -146.935  1   0     0    0  OMEGA G (Woodside, Australia)
OMEGA_G195   19.50 -38.481 -146.935  1   0     0    0  OMEGA G (Woodside, Australia)
OMEGA_G196   19.60 -38.481 -146.935  1   0     0    0  OMEGA G (Woodside, Australia)
OMEGA_G197   19.70 -38.481 -146.935  1   0     0    0  OMEGA G (Woodside, Australia)
OMEGA_G198   19.80 -38.481 -146.935  1   0     0    0  OMEGA G (Woodside, Australia)
OMEGA_G199   19.90 -38.481 -146.935  1   0     0    0  OMEGA G (Woodside, Australia)
OMEGA_G200   20.00 -38.481 -146.935  1   0     0    0  OMEGA G (Woodside, Australia)
OMEGA_G201   20.10 -38.481 -146.935  1   0     0    0  OMEGA G (Woodside, Australia)
OMEGA_G202   20.20 -38.481 -146.935  1   0     0    0  OMEGA G (Woodside, Australia)
OMEGA_G203   20.30 -38.481 -146.935  1   0     0    0  OMEGA G (Woodside, Australia)
OMEGA_G204   20.40 -38.481 -146.935  1   0     0    0  OMEGA G (Woodside, Australia)
OMEGA_G205   20.50 -38.481 -146.935  1   0     0    0  OMEGA G (Woodside, Australia)
OMEGA_G206   20.60 -38.481 -146.935  1   0     0    0  OMEGA G (Woodside, Australia)
OMEGA_G207   20.70 -38.481 -146.935  1   0     0    0  OMEGA G (Woodside, Australia)
OMEGA_G208   20.80 -38.481 -146.935  1   0     0    0  OMEGA G (Woodside, Australia)
OMEGA_G209   20.90 -38.481 -146.935  1   0     0    0  OMEGA G (Woodside, Australia)
OMEGA_G210   21.00 -38.481 -146.935  1   0     0    0  OMEGA G (Woodside, Australia)
OMEGA_G211   21.10 -38.481 -146.935  1   0     0    0  OMEGA G (Woodside, Australia)
OMEGA_G212   21.20 -38.481 -146.935  1   0     0    0  OMEGA G (Woodside, Australia)
OMEGA_G213   21.30 -38.481 -146.935  1   0     0    0  OMEGA G (Woodside, Australia)
OMEGA_G214   21.40 -38.481 -146.935  1   0     0    0  OMEGA G (Woodside, Australia)
OMEGA_G215   21.50 -38.481 -146.935  1   0     0    0  OMEGA G (Woodside, Australia)
OMEGA_G216   21.60 -38.481 -146.935  1   0     0    0  OMEGA G (Woodside, Australia)
OMEGA_G217   21.70 -38.481 -146.935  1   0     0    0  OMEGA G (Woodside, Australia)
OMEGA_G218   21.80 -38.481 -146.935  1   0     0    0  OMEGA G (Woodside, Australia)
OMEGA_G219   21.90 -38.481 -146.935  1   0     0    0  OMEGA G (Woodside, Australia)
OMEGA_G220   22.00 -38.481 -146.935  1   0     0    0  OMEGA G (Woodside, Australia)
OMEGA_G221   22.10 -38.481 -146.935  1   0     0    0  OMEGA G (Woodside, Australia)
OMEGA_G222   22.20 -38.481 -146.935  1   0     0    0  OMEGA G (Woodside, Australia)
OMEGA_G223   22.30 -38.481 -146.935  1   0     0    0  OMEGA G (Woodside, Australia)
OMEGA_G224   22.40 -38.481 -146.935  1   0     0    0  OMEGA G (Woodside, Australia)
OMEGA_G225   22.50 -38.481 -146.935  1   0     0    0  OMEGA G (Woodside, Australia)
OMEGA_G226   22.60 -38.481 -146.935  1   0     0    0  OMEGA G (Woodside, Australia)
OMEGA_G227   22.70 -38.481 -146.935  1   0     0    0  OMEGA G (Woodside, Australia)
OMEGA_G228   22.80 -38.481 -146.935  1   0     0    0  OMEGA G (Woodside, Australia)
OMEGA_G229   22.90 -38.481 -146.935  1   0     0    0  OMEGA G (Woodside, Australia)
OMEGA_G230   23.00 -38.481 -146.935  1   0     0    0  OMEGA G (Woodside, Australia)
OMEGA_G231   23.10 -38.481 -146.935  1   0     0    0  OMEGA G (Woodside, Australia)
OMEGA_G232   23.20 -38.481 -146.935  1   0     0    0  OMEGA G (Woodside, Australia)
OMEGA_G233   23.30 -38.481 -146.935  1   0     0    0  OMEGA G (Woodside, Australia)
OMEGA_G234   23.40 -38.481 -146.935  1   0     0    0  OMEGA G (Woodside, Australia)
OMEGA_G235   23.50 -38.481 -146.935  1   0     0    0  OMEGA G (Woodside, Australia)
OMEGA_G236   23.60 -38.481 -146.935  1   0     0    0  OMEGA G (Woodside, Australia)
OMEGA_G237   23.70 -38.481 -146.935  1   0     0    0  OMEGA G (Woodside, Australia)
OMEGA_G238   23.80 -38.481 -146.935  1   0     0    0  OMEGA G (Woodside, Australia)
OMEGA_G239   23.90 -38.481 -146.935  1   0     0    0  OMEGA G (Woodside, Australia)
OMEGA_G240   24.00 -38.481 -146.935  1   0     0    0  OMEGA G (Woodside, Australia)
OMEGA_G241   24.10 -38.481 -146.935  1   0     0    0  OMEGA G (Woodside, Australia)
OMEGA_G242   24.20 -38.481 -146.935  1   0     0    0  OMEGA G (Woodside, Australia)
OMEGA_G243   24.30 -38.481 -146.935  1   0     0    0  OMEGA G (Woodside, Australia)
OMEGA_G244   24.40 -38.481 -146.935  1   0     0    0  OMEGA G (Woodside, Australia)
OMEGA_G245   24.50 -38.481 -146.935  1   0     0    0  OMEGA G (Woodside, Australia)
OMEGA_G246   24.60 -38.481 -146.935  1   0     0    0  OMEGA G (Woodside, Australia)
OMEGA_G247   24.70 -38.481 -146.935  1   0     0    0  OMEGA G (Woodside, Australia)
OMEGA_G248   24.80 -38.481 -146.935  1   0     0    0  OMEGA G (Woodside, Australia)
OMEGA_G249   24.90 -38.481 -146.935  1   0     0    0  OMEGA G (Woodside, Australia)
OMEGA_G250   25.00 -38.481 -146.935  1   0     0    0  OMEGA G (Woodside, Australia)
OMEGA_G251   25.10 -38.481 -146.935  1   0     0    0  OMEGA G (Woodside, Australia)
OMEGA_G252   25.20 -38.481 -146.935  1   0     0    0  OMEGA G (Woodside, Australia)
OMEGA_G253   25.30 -38.481 -146.935  1   0     0    0  OMEGA G (Woodside, Australia)
OMEGA_G254   25.40 -38.481 -146.935  1   0     0    0  OMEGA G (Woodside, Australia)
OMEGA_G255   25.50 -38.481 -146.935  1   0     0    0  OMEGA G (Woodside, Australia)
OMEGA_G256   25.60 -38.481 -146.935  1   0     0    0  OMEGA G (Woodside, Australia)
OMEGA_G257   25.70 -38.481 -146.935  1   0     0    0  OMEGA G (Woodside, Australia)
OMEGA_G258   25.80 -38.481 -146.935  1   0     0    0  OMEGA G (Woodside, Australia)
OMEGA_G259   25.90 -38.481 -146.935  1   0     0    0  OMEGA G (Woodside, Australia)
OMEGA_G260   26.00 -38.481 -146.935  1   0     0    0  OMEGA G (Woodside, Australia)
OMEGA_G261   26.10 -38.481 -146.935  1   0     0    0  OMEGA G (Woodside, Australia)
OMEGA_G262   26.20 -38.481 -146.935  1   0     0    0  OMEGA G (Woodside, Australia)
OMEGA_G263   26.30 -38.481 -146.935  1   0     0    0  OMEGA G (Woodside, Australia)
OMEGA_G264   26.40 -38.481 -146.935  1   0     0    0  OMEGA G (Woodside, Australia)
OMEGA_G265   26.50 -38.481 -146.935  1   0     0    0  OMEGA G (Woodside, Australia)
OMEGA_G266   26.60 -38.481 -146.935  1   0     0    0  OMEGA G (Woodside, Australia)
OMEGA_G267   26.70 -38.481 -146.935  1   0     0    0  OMEGA G (Woodside, Australia)
OMEGA_G268   26.80 -38.481 -146.935  1   0     0    0  OMEGA G (Woodside, Australia)
OMEGA_G269   26.90 -38.481 -146.935  1   0     0    0  OMEGA G (Woodside, Australia)
OMEGA_G270   27.00 -38.481 -146.935  1   0     0    0  OMEGA G (Woodside, Australia)
OMEGA_G271   27.10 -38.481 -146.935  1   0     0    0  OMEGA G (Woodside, Australia)
OMEGA_G272   27.20 -38.481 -146.935  1   0     0    0  OMEGA G (Woodside, Australia)
OMEGA_G273   27.30 -38.481 -146.935  1   0     0    0  OMEGA G (Woodside, Australia)
OMEGA_G274   27.40 -38.481 -146.935  1   0     0    0  OMEGA G (Woodside, Australia)
OMEGA_G275   27.50 -38.481 -146.935  1   0     0    0  OMEGA G (Woodside, Australia)
OMEGA_G276   27.60 -38.481 -146.935  1   0     0    0  OMEGA G (Woodside, Australia)
OMEGA_G277   27.70 -38.481 -146.935  1   0     0    0  OMEGA G (Woodside, Australia)
OMEGA_G278   27.80 -38.481 -146.935  1   0     0    0  OMEGA G (Woodside, Australia)
OMEGA_G279   27.90 -38.481 -146.935  1   0     0    0  OMEGA G (Woodside, Australia)
OMEGA_G280   28.00 -38.481 -146.935  1   0     0    0  OMEGA G (Woodside, Australia)
OMEGA_G281   28.10 -38.481 -146.935  1   0     0    0  OMEGA G (Woodside, Australia)
OMEGA_G282   28.20 -38.481 -146.935  1   0     0    0  OMEGA G (Woodside, Australia)
OMEGA_G283   28.30 -38.481 -146.935  1   0     0    0  OMEGA G (Woodside, Australia)
OMEGA_G284   28.40 -38.481 -146.935  1   0     0    0  OMEGA G (Woodside, Australia)
OMEGA_G285   28.50 -38.481 -146.935  1   0     0    0  OMEGA G (Woodside, Australia)
OMEGA_G286   28.60 -38.481 -146.935  1   0     0    0  OMEGA G (Woodside, Australia)
OMEGA_G287   28.70 -38.481 -146.935  1   0     0    0  OMEGA G (Woodside, Australia)
OMEGA_G288   28.80 -38.481 -146.935  1   0     0    0  OMEGA G (Woodside, Australia)
OMEGA_G289   28.90 -38.481 -146.935  1   0     0    0  OMEGA G (Woodside, Australia)
OMEGA_G290   29.00 -38.481 -146.935  1   0     0    0  OMEGA G (Woodside, Australia)
OMEGA_G291   29.10 -38.481 -146.935  1   0     0    0  OMEGA G (Woodside, Australia)
OMEGA_G292   29.20 -38.481 -146.935  1   0     0    0  OMEGA G (Woodside, Australia)
OMEGA_G293   29.30 -38.481 -146.935  1   0     0    0  OMEGA G (Woodside, Australia)
OMEGA_G294   29.40 -38.481 -146.935  1   0     0    0  OMEGA G (Woodside, Australia)
OMEGA_G295   29.50 -38.481 -146.935  1   0     0    0  OMEGA G (Woodside, Australia)
OMEGA_G296   29.60 -38.481 -146.935  1   0     0    0  OMEGA G (Woodside, Australia)
OMEGA_G297   29.70 -38.481 -146.935  1   0     0    0  OMEGA G (Woodside, Australia)
OMEGA_G298   29.80 -38.481 -146.935  1   0     0    0  OMEGA G (Woodside, Australia)
OMEGA_G299   29.90 -38.481 -146.935  1   0     0    0  OMEGA G (Woodside, Australia)
OMEGA_G300   30.00 -38.481 -146.935  1   0     0    0  OMEGA G (Woodside, Australia)
OMEGA_H080    8.00  34.615 -129.454  1   0     0    0  OMEGA H (Tsushima, Japan)
OMEGA_H081    8.10  34.615 -129.454  1   0     0    0  OMEGA H (Tsushima, Japan)
OMEGA_H082    8.20  34.615 -129.454  1   0     0    0  OMEGA H (Tsushima, Japan)
OMEGA_H083    8.30  34.615 -129.454  1   0     0    0  OMEGA H (Tsushima, Japan)
OMEGA_H084    8.40  34.615 -129.454  1   0     0    0  OMEGA H (Tsushima, Japan)
OMEGA_H085    8.50  34.615 -129.454  1   0     0    0  OMEGA H (Tsushima, Japan)
OMEGA_H086    8.60  34.615 -129.454  1   0     0    0  OMEGA H (Tsushima, Japan)
OMEGA_H087    8.70  34.615 -129.454  1   0     0    0  OMEGA H (Tsushima, Japan)
OMEGA_H088    8.80  34.615 -129.454  1   0     0    0  OMEGA H (Tsushima, Japan)
OMEGA_H089    8.90  34.615 -129.454  1   0     0    0  OMEGA H (Tsushima, Japan)
OMEGA_H090    9.00  34.615 -129.454  1   0     0    0  OMEGA H (Tsushima, Japan)
OMEGA_H091    9.10  34.615 -129.454  1   0     0    0  OMEGA H (Tsushima, Japan)
OMEGA_H092    9.20  34.615 -129.454  1   0     0    0  OMEGA H (Tsushima, Japan)
OMEGA_H093    9.30  34.615 -129.454  1   0     0    0  OMEGA H (Tsushima, Japan)
OMEGA_H094    9.40  34.615 -129.454  1   0     0    0  OMEGA H (Tsushima, Japan)
OMEGA_H095    9.50  34.615 -129.454  1   0     0    0  OMEGA H (Tsushima, Japan)
OMEGA_H096    9.60  34.615 -129.454  1   0     0    0  OMEGA H (Tsushima, Japan)
OMEGA_H097    9.70  34.615 -129.454  1   0     0    0  OMEGA H (Tsushima, Japan)
OMEGA_H098    9.80  34.615 -129.454  1   0     0    0  OMEGA H (Tsushima, Japan)
OMEGA_H099    9.90  34.615 -129.454  1   0     0    0  OMEGA H (Tsushima, Japan)
OMEGA_H100   10.00  34.615 -129.454  1   0     0    0  OMEGA H (Tsushima, Japan)
OMEGA_H101   10.10  34.615 -129.454  1   0     0    0  OMEGA H (Tsushima, Japan)
OMEGA_H102   10.20  34.615 -129.454  1   0     0    0  OMEGA H (Tsushima, Japan)
OMEGA_H103   10.30  34.615 -129.454  1   0     0    0  OMEGA H (Tsushima, Japan)
OMEGA_H104   10.40  34.615 -129.454  1   0     0    0  OMEGA H (Tsushima, Japan)
OMEGA_H105   10.50  34.615 -129.454  1   0     0    0  OMEGA H (Tsushima, Japan)
OMEGA_H106   10.60  34.615 -129.454  1   0     0    0  OMEGA H (Tsushima, Japan)
OMEGA_H107   10.70  34.615 -129.454  1   0     0    0  OMEGA H (Tsushima, Japan)
OMEGA_H108   10.80  34.615 -129.454  1   0     0    0  OMEGA H (Tsushima, Japan)
OMEGA_H109   10.90  34.615 -129.454  1   0     0    0  OMEGA H (Tsushima, Japan)
OMEGA_H110   11.00  34.615 -129.454  1   0     0    0  OMEGA H (Tsushima, Japan)
OMEGA_H111   11.10  34.615 -129.454  1   0     0    0  OMEGA H (Tsushima, Japan)
OMEGA_H112   11.20  34.615 -129.454  1   0     0    0  OMEGA H (Tsushima, Japan)
OMEGA_H113   11.30  34.615 -129.454  1   0     0    0  OMEGA H (Tsushima, Japan)
OMEGA_H114   11.40  34.615 -129.454  1   0     0    0  OMEGA H (Tsushima, Japan)
OMEGA_H115   11.50  34.615 -129.454  1   0     0    0  OMEGA H (Tsushima, Japan)
OMEGA_H116   11.60  34.615 -129.454  1   0     0    0  OMEGA H (Tsushima, Japan)
OMEGA_H117   11.70  34.615 -129.454  1   0     0    0  OMEGA H (Tsushima, Japan)
OMEGA_H118   11.80  34.615 -129.454  1   0     0    0  OMEGA H (Tsushima, Japan)
OMEGA_H119   11.90  34.615 -129.454  1   0     0    0  OMEGA H (Tsushima, Japan)
OMEGA_H120   12.00  34.615 -129.454  1   0     0    0  OMEGA H (Tsushima, Japan)
OMEGA_H121   12.10  34.615 -129.454  1   0     0    0  OMEGA H (Tsushima, Japan)
OMEGA_H122   12.20  34.615 -129.454  1   0     0    0  OMEGA H (Tsushima, Japan)
OMEGA_H123   12.30  34.615 -129.454  1   0     0    0  OMEGA H (Tsushima, Japan)
OMEGA_H124   12.40  34.615 -129.454  1   0     0    0  OMEGA H (Tsushima, Japan)
OMEGA_H125   12.50  34.615 -129.454  1   0     0    0  OMEGA H (Tsushima, Japan)
OMEGA_H126   12.60  34.615 -129.454  1   0     0    0  OMEGA H (Tsushima, Japan)
OMEGA_H127   12.70  34.615 -129.454  1   0     0    0  OMEGA H (Tsushima, Japan)
OMEGA_H128   12.80  34.615 -129.454  1   0     0    0  OMEGA H (Tsushima, Japan)
OMEGA_H129   12.90  34.615 -129.454  1   0     0    0  OMEGA H (Tsushima, Japan)
OMEGA_H130   13.00  34.615 -129.454  1   0     0    0  OMEGA H (Tsushima, Japan)
OMEGA_H131   13.10  34.615 -129.454  1   0     0    0  OMEGA H (Tsushima, Japan)
OMEGA_H132   13.20  34.615 -129.454  1   0     0    0  OMEGA H (Tsushima, Japan)
OMEGA_H133   13.30  34.615 -129.454  1   0     0    0  OMEGA H (Tsushima, Japan)
OMEGA_H134   13.40  34.615 -129.454  1   0     0    0  OMEGA H (Tsushima, Japan)
OMEGA_H135   13.50  34.615 -129.454  1   0     0    0  OMEGA H (Tsushima, Japan)
OMEGA_H136   13.60  34.615 -129.454  1   0     0    0  OMEGA H (Tsushima, Japan)
OMEGA_H137   13.70  34.615 -129.454  1   0     0    0  OMEGA H (Tsushima, Japan)
OMEGA_H138   13.80  34.615 -129.454  1   0     0    0  OMEGA H (Tsushima, Japan)
OMEGA_H139   13.90  34.615 -129.454  1   0     0    0  OMEGA H (Tsushima, Japan)
OMEGA_H140   14.00  34.615 -129.454  1   0     0    0  OMEGA H (Tsushima, Japan)
OMEGA_H141   14.10  34.615 -129.454  1   0     0    0  OMEGA H (Tsushima, Japan)
OMEGA_H142   14.20  34.615 -129.454  1   0     0    0  OMEGA H (Tsushima, Japan)
OMEGA_H143   14.30  34.615 -129.454  1   0     0    0  OMEGA H (Tsushima, Japan)
OMEGA_H144   14.40  34.615 -129.454  1   0     0    0  OMEGA H (Tsushima, Japan)
OMEGA_H145   14.50  34.615 -129.454  1   0     0    0  OMEGA H (Tsushima, Japan)
OMEGA_H146   14.60  34.615 -129.454  1   0     0    0  OMEGA H (Tsushima, Japan)
OMEGA_H147   14.70  34.615 -129.454  1   0     0    0  OMEGA H (Tsushima, Japan)
OMEGA_H148   14.80  34.615 -129.454  1   0     0    0  OMEGA H (Tsushima, Japan)
OMEGA_H149   14.90  34.615 -129.454  1   0     0    0  OMEGA H (Tsushima, Japan)
OMEGA_H150   15.00  34.615 -129.454  1   0     0    0  OMEGA H (Tsushima, Japan)
OMEGA_H151   15.10  34.615 -129.454  1   0     0    0  OMEGA H (Tsushima, Japan)
OMEGA_H152   15.20  34.615 -129.454  1   0     0    0  OMEGA H (Tsushima, Japan)
OMEGA_H153   15.30  34.615 -129.454  1   0     0    0  OMEGA H (Tsushima, Japan)
OMEGA_H154   15.40  34.615 -129.454  1   0     0    0  OMEGA H (Tsushima, Japan)
OMEGA_H155   15.50  34.615 -129.454  1   0     0    0  OMEGA H (Tsushima, Japan)
OMEGA_H156   15.60  34.615 -129.454  1   0     0    0  OMEGA H (Tsushima, Japan)
OMEGA_H157   15.70  34.615 -129.454  1   0     0    0  OMEGA H (Tsushima, Japan)
OMEGA_H158   15.80  34.615 -129.454  1   0     0    0  OMEGA H (Tsushima, Japan)
OMEGA_H159   15.90  34.615 -129.454  1   0     0    0  OMEGA H (Tsushima, Japan)
OMEGA_H160   16.00  34.615 -129.454  1   0     0    0  OMEGA H (Tsushima, Japan)
OMEGA_H161   16.10  34.615 -129.454  1   0     0    0  OMEGA H (Tsushima, Japan)
OMEGA_H162   16.20  34.615 -129.454  1   0     0    0  OMEGA H (Tsushima, Japan)
OMEGA_H163   16.30  34.615 -129.454  1   0     0    0  OMEGA H (Tsushima, Japan)
OMEGA_H164   16.40  34.615 -129.454  1   0     0    0  OMEGA H (Tsushima, Japan)
OMEGA_H165   16.50  34.615 -129.454  1   0     0    0  OMEGA H (Tsushima, Japan)
OMEGA_H166   16.60  34.615 -129.454  1   0     0    0  OMEGA H (Tsushima, Japan)
OMEGA_H167   16.70  34.615 -129.454  1   0     0    0  OMEGA H (Tsushima, Japan)
OMEGA_H168   16.80  34.615 -129.454  1   0     0    0  OMEGA H (Tsushima, Japan)
OMEGA_H169   16.90  34.615 -129.454  1   0     0    0  OMEGA H (Tsushima, Japan)
OMEGA_H170   17.00  34.615 -129.454  1   0     0    0  OMEGA H (Tsushima, Japan)
OMEGA_H171   17.10  34.615 -129.454  1   0     0    0  OMEGA H (Tsushima, Japan)
OMEGA_H172   17.20  34.615 -129.454  1   0     0    0  OMEGA H (Tsushima, Japan)
OMEGA_H173   17.30  34.615 -129.454  1   0     0    0  OMEGA H (Tsushima, Japan)
OMEGA_H174   17.40  34.615 -129.454  1   0     0    0  OMEGA H (Tsushima, Japan)
OMEGA_H175   17.50  34.615 -129.454  1   0     0    0  OMEGA H (Tsushima, Japan)
OMEGA_H176   17.60  34.615 -129.454  1   0     0    0  OMEGA H (Tsushima, Japan)
OMEGA_H177   17.70  34.615 -129.454  1   0     0    0  OMEGA H (Tsushima, Japan)
OMEGA_H178   17.80  34.615 -129.454  1   0     0    0  OMEGA H (Tsushima, Japan)
OMEGA_H179   17.90  34.615 -129.454  1   0     0    0  OMEGA H (Tsushima, Japan)
OMEGA_H180   18.00  34.615 -129.454  1   0     0    0  OMEGA H (Tsushima, Japan)
OMEGA_H181   18.10  34.615 -129.454  1   0     0    0  OMEGA H (Tsushima, Japan)
OMEGA_H182   18.20  34.615 -129.454  1   0     0    0  OMEGA H (Tsushima, Japan)
OMEGA_H183   18.30  34.615 -129.454  1   0     0    0  OMEGA H (Tsushima, Japan)
OMEGA_H184   18.40  34.615 -129.454  1   0     0    0  OMEGA H (Tsushima, Japan)
OMEGA_H185   18.50  34.615 -129.454  1   0     0    0  OMEGA H (Tsushima, Japan)
OMEGA_H186   18.60  34.615 -129.454  1   0     0    0  OMEGA H (Tsushima, Japan)
OMEGA_H187   18.70  34.615 -129.454  1   0     0    0  OMEGA H (Tsushima, Japan)
OMEGA_H188   18.80  34.615 -129.454  1   0     0    0  OMEGA H (Tsushima, Japan)
OMEGA_H189   18.90  34.615 -129.454  1   0     0    0  OMEGA H (Tsushima, Japan)
OMEGA_H190   19.00  34.615 -129.454  1   0     0    0  OMEGA H (Tsushima, Japan)
OMEGA_H191   19.10  34.615 -129.454  1   0     0    0  OMEGA H (Tsushima, Japan)
OMEGA_H192   19.20  34.615 -129.454  1   0     0    0  OMEGA H (Tsushima, Japan)
OMEGA_H193   19.30  34.615 -129.454  1   0     0    0  OMEGA H (Tsushima, Japan)
OMEGA_H194   19.40  34.615 -129.454  1   0     0    0  OMEGA H (Tsushima, Japan)
OMEGA_H195   19.50  34.615 -129.454  1   0     0    0  OMEGA H (Tsushima, Japan)
OMEGA_H196   19.60  34.615 -129.454  1   0     0    0  OMEGA H (Tsushima, Japan)
OMEGA_H197   19.70  34.615 -129.454  1   0     0    0  OMEGA H (Tsushima, Japan)
OMEGA_H198   19.80  34.615 -129.454  1   0     0    0  OMEGA H (Tsushima, Japan)
OMEGA_H199   19.90  34.615 -129.454  1   0     0    0  OMEGA H (Tsushima, Japan)
OMEGA_H200   20.00  34.615 -129.454  1   0     0    0  OMEGA H (Tsushima, Japan)
OMEGA_H201   20.10  34.615 -129.454  1   0     0    0  OMEGA H (Tsushima, Japan)
OMEGA_H202   20.20  34.615 -129.454  1   0     0    0  OMEGA H (Tsushima, Japan)
OMEGA_H203   20.30  34.615 -129.454  1   0     0    0  OMEGA H (Tsushima, Japan)
OMEGA_H204   20.40  34.615 -129.454  1   0     0    0  OMEGA H (Tsushima, Japan)
OMEGA_H205   20.50  34.615 -129.454  1   0     0    0  OMEGA H (Tsushima, Japan)
OMEGA_H206   20.60  34.615 -129.454  1   0     0    0  OMEGA H (Tsushima, Japan)
OMEGA_H207   20.70  34.615 -129.454  1   0     0    0  OMEGA H (Tsushima, Japan)
OMEGA_H208   20.80  34.615 -129.454  1   0     0    0  OMEGA H (Tsushima, Japan)
OMEGA_H209   20.90  34.615 -129.454  1   0     0    0  OMEGA H (Tsushima, Japan)
OMEGA_H210   21.00  34.615 -129.454  1   0     0    0  OMEGA H (Tsushima, Japan)
OMEGA_H211   21.10  34.615 -129.454  1   0     0    0  OMEGA H (Tsushima, Japan)
OMEGA_H212   21.20  34.615 -129.454  1   0     0    0  OMEGA H (Tsushima, Japan)
OMEGA_H213   21.30  34.615 -129.454  1   0     0    0  OMEGA H (Tsushima, Japan)
OMEGA_H214   21.40  34.615 -129.454  1   0     0    0  OMEGA H (Tsushima, Japan)
OMEGA_H215   21.50  34.615 -129.454  1   0     0    0  OMEGA H (Tsushima, Japan)
OMEGA_H216   21.60  34.615 -129.454  1   0     0    0  OMEGA H (Tsushima, Japan)
OMEGA_H217   21.70  34.615 -129.454  1   0     0    0  OMEGA H (Tsushima, Japan)
OMEGA_H218   21.80  34.615 -129.454  1   0     0    0  OMEGA H (Tsushima, Japan)
OMEGA_H219   21.90  34.615 -129.454  1   0     0    0  OMEGA H (Tsushima, Japan)
OMEGA_H220   22.00  34.615 -129.454  1   0     0    0  OMEGA H (Tsushima, Japan)
OMEGA_H221   22.10  34.615 -129.454  1   0     0    0  OMEGA H (Tsushima, Japan)
OMEGA_H222   22.20  34.615 -129.454  1   0     0    0  OMEGA H (Tsushima, Japan)
OMEGA_H223   22.30  34.615 -129.454  1   0     0    0  OMEGA H (Tsushima, Japan)
OMEGA_H224   22.40  34.615 -129.454  1   0     0    0  OMEGA H (Tsushima, Japan)
OMEGA_H225   22.50  34.615 -129.454  1   0     0    0  OMEGA H (Tsushima, Japan)
OMEGA_H226   22.60  34.615 -129.454  1   0     0    0  OMEGA H (Tsushima, Japan)
OMEGA_H227   22.70  34.615 -129.454  1   0     0    0  OMEGA H (Tsushima, Japan)
OMEGA_H228   22.80  34.615 -129.454  1   0     0    0  OMEGA H (Tsushima, Japan)
OMEGA_H229   22.90  34.615 -129.454  1   0     0    0  OMEGA H (Tsushima, Japan)
OMEGA_H230   23.00  34.615 -129.454  1   0     0    0  OMEGA H (Tsushima, Japan)
OMEGA_H231   23.10  34.615 -129.454  1   0     0    0  OMEGA H (Tsushima, Japan)
OMEGA_H232   23.20  34.615 -129.454  1   0     0    0  OMEGA H (Tsushima, Japan)
OMEGA_H233   23.30  34.615 -129.454  1   0     0    0  OMEGA H (Tsushima, Japan)
OMEGA_H234   23.40  34.615 -129.454  1   0     0    0  OMEGA H (Tsushima, Japan)
OMEGA_H235   23.50  34.615 -129.454  1   0     0    0  OMEGA H (Tsushima, Japan)
OMEGA_H236   23.60  34.615 -129.454  1   0     0    0  OMEGA H (Tsushima, Japan)
OMEGA_H237   23.70  34.615 -129.454  1   0     0    0  OMEGA H (Tsushima, Japan)
OMEGA_H238   23.80  34.615 -129.454  1   0     0    0  OMEGA H (Tsushima, Japan)
OMEGA_H239   23.90  34.615 -129.454  1   0     0    0  OMEGA H (Tsushima, Japan)
OMEGA_H240   24.00  34.615 -129.454  1   0     0    0  OMEGA H (Tsushima, Japan)
OMEGA_H241   24.10  34.615 -129.454  1   0     0    0  OMEGA H (Tsushima, Japan)
OMEGA_H242   24.20  34.615 -129.454  1   0     0    0  OMEGA H (Tsushima, Japan)
OMEGA_H243   24.30  34.615 -129.454  1   0     0    0  OMEGA H (Tsushima, Japan)
OMEGA_H244   24.40  34.615 -129.454  1   0     0    0  OMEGA H (Tsushima, Japan)
OMEGA_H245   24.50  34.615 -129.454  1   0     0    0  OMEGA H (Tsushima, Japan)
OMEGA_H246   24.60  34.615 -129.454  1   0     0    0  OMEGA H (Tsushima, Japan)
OMEGA_H247   24.70  34.615 -129.454  1   0     0    0  OMEGA H (Tsushima, Japan)
OMEGA_H248   24.80  34.615 -129.454  1   0     0    0  OMEGA H (Tsushima, Japan)
OMEGA_H249   24.90  34.615 -129.454  1   0     0    0  OMEGA H (Tsushima, Japan)
OMEGA_H250   25.00  34.615 -129.454  1   0     0    0  OMEGA H (Tsushima, Japan)
OMEGA_H251   25.10  34.615 -129.454  1   0     0    0  OMEGA H (Tsushima, Japan)
OMEGA_H252   25.20  34.615 -129.454  1   0     0    0  OMEGA H (Tsushima, Japan)
OMEGA_H253   25.30  34.615 -129.454  1   0     0    0  OMEGA H (Tsushima, Japan)
OMEGA_H254   25.40  34.615 -129.454  1   0     0    0  OMEGA H (Tsushima, Japan)
OMEGA_H255   25.50  34.615 -129.454  1   0     0    0  OMEGA H (Tsushima, Japan)
OMEGA_H256   25.60  34.615 -129.454  1   0     0    0  OMEGA H (Tsushima, Japan)
OMEGA_H257   25.70  34.615 -129.454  1   0     0    0  OMEGA H (Tsushima, Japan)
OMEGA_H258   25.80  34.615 -129.454  1   0     0    0  OMEGA H (Tsushima, Japan)
OMEGA_H259   25.90  34.615 -129.454  1   0     0    0  OMEGA H (Tsushima, Japan)
OMEGA_H260   26.00  34.615 -129.454  1   0     0    0  OMEGA H (Tsushima, Japan)
OMEGA_H261   26.10  34.615 -129.454  1   0     0    0  OMEGA H (Tsushima, Japan)
OMEGA_H262   26.20  34.615 -129.454  1   0     0    0  OMEGA H (Tsushima, Japan)
OMEGA_H263   26.30  34.615 -129.454  1   0     0    0  OMEGA H (Tsushima, Japan)
OMEGA_H264   26.40  34.615 -129.454  1   0     0    0  OMEGA H (Tsushima, Japan)
OMEGA_H265   26.50  34.615 -129.454  1   0     0    0  OMEGA H (Tsushima, Japan)
OMEGA_H266   26.60  34.615 -129.454  1   0     0    0  OMEGA H (Tsushima, Japan)
OMEGA_H267   26.70  34.615 -129.454  1   0     0    0  OMEGA H (Tsushima, Japan)
OMEGA_H268   26.80  34.615 -129.454  1   0     0    0  OMEGA H (Tsushima, Japan)
OMEGA_H269   26.90  34.615 -129.454  1   0     0    0  OMEGA H (Tsushima, Japan)
OMEGA_H270   27.00  34.615 -129.454  1   0     0    0  OMEGA H (Tsushima, Japan)
OMEGA_H271   27.10  34.615 -129.454  1   0     0    0  OMEGA H (Tsushima, Japan)
OMEGA_H272   27.20  34.615 -129.454  1   0     0    0  OMEGA H (Tsushima, Japan)
OMEGA_H273   27.30  34.615 -129.454  1   0     0    0  OMEGA H (Tsushima, Japan)
OMEGA_H274   27.40  34.615 -129.454  1   0     0    0  OMEGA H (Tsushima, Japan)
OMEGA_H275   27.50  34.615 -129.454  1   0     0    0  OMEGA H (Tsushima, Japan)
OMEGA_H276   27.60  34.615 -129.454  1   0     0    0  OMEGA H (Tsushima, Japan)
OMEGA_H277   27.70  34.615 -129.454  1   0     0    0  OMEGA H (Tsushima, Japan)
OMEGA_H278   27.80  34.615 -129.454  1   0     0    0  OMEGA H (Tsushima, Japan)
OMEGA_H279   27.90  34.615 -129.454  1   0     0    0  OMEGA H (Tsushima, Japan)
OMEGA_H280   28.00  34.615 -129.454  1   0     0    0  OMEGA H (Tsushima, Japan)
OMEGA_H281   28.10  34.615 -129.454  1   0     0    0  OMEGA H (Tsushima, Japan)
OMEGA_H282   28.20  34.615 -129.454  1   0     0    0  OMEGA H (Tsushima, Japan)
OMEGA_H283   28.30  34.615 -129.454  1   0     0    0  OMEGA H (Tsushima, Japan)
OMEGA_H284   28.40  34.615 -129.454  1   0     0    0  OMEGA H (Tsushima, Japan)
OMEGA_H285   28.50  34.615 -129.454  1   0     0    0  OMEGA H (Tsushima, Japan)
OMEGA_H286   28.60  34.615 -129.454  1   0     0    0  OMEGA H (Tsushima, Japan)
OMEGA_H287   28.70  34.615 -129.454  1   0     0    0  OMEGA H (Tsushima, Japan)
OMEGA_H288   28.80  34.615 -129.454  1   0     0    0  OMEGA H (Tsushima, Japan)
OMEGA_H289   28.90  34.615 -129.454  1   0     0    0  OMEGA H (Tsushima, Japan)
OMEGA_H290   29.00  34.615 -129.454  1   0     0    0  OMEGA H (Tsushima, Japan)
OMEGA_H291   29.10  34.615 -129.454  1   0     0    0  OMEGA H (Tsushima, Japan)
OMEGA_H292   29.20  34.615 -129.454  1   0     0    0  OMEGA H (Tsushima, Japan)
OMEGA_H293   29.30  34.615 -129.454  1   0     0    0  OMEGA H (Tsushima, Japan)
OMEGA_H294   29.40  34.615 -129.454  1   0     0    0  OMEGA H (Tsushima, Japan)
OMEGA_H295   29.50  34.615 -129.454  1   0     0    0  OMEGA H (Tsushima, Japan)
OMEGA_H296   29.60  34.615 -129.454  1   0     0    0  OMEGA H (Tsushima, Japan)
OMEGA_H297   29.70  34.615 -129.454  1   0     0    0  OMEGA H (Tsushima, Japan)
OMEGA_H298   29.80  34.615 -129.454  1   0     0    0  OMEGA H (Tsushima, Japan)
OMEGA_H299   29.90  34.615 -129.454  1   0     0    0  OMEGA H (Tsushima, Japan)
OMEGA_H300   30.00  34.615 -129.454  1   0     0    0  OMEGA H (Tsushima, Japan)
END
